Point_Index,TrackId,Time,Lon,Lat,Ligne,Variante,Distance
0,7,2021-11-21T12:43:09Z,4.404313,50.83192,036b,1,2.1617180358012313
0,7,2021-11-21T12:43:09Z,4.404313,50.83192,036b,2,0.892358915095248
1,7,2021-11-21T12:43:40Z,4.404419,50.831813,036b,1,1.2311586417114493
1,7,2021-11-21T12:43:40Z,4.404419,50.831813,036b,2,1.816670878327301
2,7,2021-11-21T12:43:42Z,4.404487,50.831712,007t,1,6.030343180677283
2,7,2021-11-21T12:43:42Z,4.404487,50.831712,007t,2,2.8082551998544134
2,7,2021-11-21T12:43:42Z,4.404487,50.831712,025t,1,6.030343180677283
2,7,2021-11-21T12:43:42Z,4.404487,50.831712,025t,2,2.8082551998544134
2,7,2021-11-21T12:43:42Z,4.404487,50.831712,036b,1,2.229622421507804
2,7,2021-11-21T12:43:42Z,4.404487,50.831712,036b,2,5.165477306716063
3,7,2021-11-21T12:43:44Z,4.404451,50.831593,007t,1,3.665084001327
3,7,2021-11-21T12:43:44Z,4.404451,50.831593,007t,2,0.2776083654315637
3,7,2021-11-21T12:43:44Z,4.404451,50.831593,025t,1,3.665084001327
3,7,2021-11-21T12:43:44Z,4.404451,50.831593,025t,2,0.2776083654315637
4,7,2021-11-21T12:43:46Z,4.404344,50.83145,007t,1,4.814506237499767
4,7,2021-11-21T12:43:46Z,4.404344,50.83145,007t,2,1.4326878605528224
4,7,2021-11-21T12:43:46Z,4.404344,50.83145,025t,1,4.814506237499767
4,7,2021-11-21T12:43:46Z,4.404344,50.83145,025t,2,1.4326878605528224
5,7,2021-11-21T12:43:47Z,4.404283,50.831367,007t,1,5.165848114481409
5,7,2021-11-21T12:43:47Z,4.404283,50.831367,007t,2,1.9532384383193955
5,7,2021-11-21T12:43:47Z,4.404283,50.831367,025t,1,5.165848114481409
5,7,2021-11-21T12:43:47Z,4.404283,50.831367,025t,2,1.9532384383193955
6,7,2021-11-21T12:43:48Z,4.404213,50.831281,007t,1,5.970622022045339
6,7,2021-11-21T12:43:48Z,4.404213,50.831281,007t,2,2.6401880073645687
6,7,2021-11-21T12:43:48Z,4.404213,50.831281,025t,1,5.970622022045339
6,7,2021-11-21T12:43:48Z,4.404213,50.831281,025t,2,2.6401880073645687
7,7,2021-11-21T12:43:49Z,4.404143,50.831192,007t,1,6.514938859335768
7,7,2021-11-21T12:43:49Z,4.404143,50.831192,007t,2,3.1934942817598806
7,7,2021-11-21T12:43:49Z,4.404143,50.831192,025t,1,6.514938859335768
7,7,2021-11-21T12:43:49Z,4.404143,50.831192,025t,2,3.1934942817598806
8,7,2021-11-21T12:43:50Z,4.404068,50.831098,007t,1,6.992381029339318
8,7,2021-11-21T12:43:50Z,4.404068,50.831098,007t,2,3.8286167748038733
8,7,2021-11-21T12:43:50Z,4.404068,50.831098,025t,1,6.992381029339318
8,7,2021-11-21T12:43:50Z,4.404068,50.831098,025t,2,3.8286167748038733
9,7,2021-11-21T12:43:51Z,4.403985,50.831003,007t,1,7.7409071921744115
9,7,2021-11-21T12:43:51Z,4.403985,50.831003,007t,2,4.549429767979953
9,7,2021-11-21T12:43:51Z,4.403985,50.831003,025t,1,7.7409071921744115
9,7,2021-11-21T12:43:51Z,4.403985,50.831003,025t,2,4.549429767979953
10,7,2021-11-21T12:43:52Z,4.403908,50.830902,007t,1,7.7328609198265434
10,7,2021-11-21T12:43:52Z,4.403908,50.830902,007t,2,4.601152194198043
10,7,2021-11-21T12:43:52Z,4.403908,50.830902,025t,1,7.7328609198265434
10,7,2021-11-21T12:43:52Z,4.403908,50.830902,025t,2,4.601152194198043
11,7,2021-11-21T12:43:53Z,4.403828,50.8308,007t,1,7.752155462418281
11,7,2021-11-21T12:43:53Z,4.403828,50.8308,007t,2,4.665503713265149
11,7,2021-11-21T12:43:53Z,4.403828,50.8308,025t,1,7.752155462418281
11,7,2021-11-21T12:43:53Z,4.403828,50.8308,025t,2,4.665503713265149
12,7,2021-11-21T12:43:54Z,4.403742,50.830699,007t,1,7.975138955786043
12,7,2021-11-21T12:43:54Z,4.403742,50.830699,007t,2,4.872133977277695
12,7,2021-11-21T12:43:54Z,4.403742,50.830699,025t,1,7.975138955786043
12,7,2021-11-21T12:43:54Z,4.403742,50.830699,025t,2,4.872133977277695
13,7,2021-11-21T12:43:55Z,4.403653,50.830598,007t,1,8.225377111157316
13,7,2021-11-21T12:43:55Z,4.403653,50.830598,007t,2,5.215445925677586
13,7,2021-11-21T12:43:55Z,4.403653,50.830598,025t,1,8.225377111157316
13,7,2021-11-21T12:43:55Z,4.403653,50.830598,025t,2,5.215445925677586
14,7,2021-11-21T12:43:56Z,4.403561,50.830501,007t,1,8.813376373665108
14,7,2021-11-21T12:43:56Z,4.403561,50.830501,007t,2,5.57552927485891
14,7,2021-11-21T12:43:56Z,4.403561,50.830501,025t,1,8.813376373665108
14,7,2021-11-21T12:43:56Z,4.403561,50.830501,025t,2,5.57552927485891
15,7,2021-11-21T12:43:57Z,4.403466,50.830407,007t,1,9.600929635865414
15,7,2021-11-21T12:43:57Z,4.403466,50.830407,007t,2,6.28344147195182
15,7,2021-11-21T12:43:57Z,4.403466,50.830407,025t,1,9.600929635865414
15,7,2021-11-21T12:43:57Z,4.403466,50.830407,025t,2,6.28344147195182
16,7,2021-11-21T12:43:58Z,4.403375,50.830312,007t,1,9.946275267107188
16,7,2021-11-21T12:43:58Z,4.403375,50.830312,007t,2,6.3987756511340725
16,7,2021-11-21T12:43:58Z,4.403375,50.830312,025t,1,9.946275267107188
16,7,2021-11-21T12:43:58Z,4.403375,50.830312,025t,2,6.3987756511340725
17,7,2021-11-21T12:43:59Z,4.403286,50.830215,007t,2,6.1094069484659865
17,7,2021-11-21T12:43:59Z,4.403286,50.830215,025t,2,6.1094069484659865
18,7,2021-11-21T12:44:00Z,4.403185,50.830118,005m,2,7.359038276577485
18,7,2021-11-21T12:44:00Z,4.403185,50.830118,007t,2,6.269142668993147
18,7,2021-11-21T12:44:00Z,4.403185,50.830118,025t,2,6.269142668993147
19,7,2021-11-21T12:44:01Z,4.403101,50.830019,005m,1,4.663407287616523
19,7,2021-11-21T12:44:01Z,4.403101,50.830019,005m,2,0.9354030336877869
19,7,2021-11-21T12:44:01Z,4.403101,50.830019,007t,2,5.155364544495867
19,7,2021-11-21T12:44:01Z,4.403101,50.830019,025t,2,5.155364544495867
20,7,2021-11-21T12:44:02Z,4.403019,50.829922,005m,1,3.4499471902020495
20,7,2021-11-21T12:44:02Z,4.403019,50.829922,005m,2,9.04152660964762
20,7,2021-11-21T12:44:02Z,4.403019,50.829922,007t,1,9.50015069563558
20,7,2021-11-21T12:44:02Z,4.403019,50.829922,007t,2,3.943274897637399
20,7,2021-11-21T12:44:02Z,4.403019,50.829922,025t,1,9.50015069563558
20,7,2021-11-21T12:44:02Z,4.403019,50.829922,025t,2,3.943274897637399
21,7,2021-11-21T12:44:03Z,4.402934,50.829841,007t,1,9.545526484368105
21,7,2021-11-21T12:44:03Z,4.402934,50.829841,007t,2,3.7969527870702255
21,7,2021-11-21T12:44:03Z,4.402934,50.829841,025t,1,9.545526484368105
21,7,2021-11-21T12:44:03Z,4.402934,50.829841,025t,2,3.7969527870702255
22,7,2021-11-21T12:44:04Z,4.402847,50.829762,007t,1,9.712153703721409
22,7,2021-11-21T12:44:04Z,4.402847,50.829762,007t,2,3.7028662802529513
22,7,2021-11-21T12:44:04Z,4.402847,50.829762,025t,1,9.712153703721409
22,7,2021-11-21T12:44:04Z,4.402847,50.829762,025t,2,3.7028662802529513
23,7,2021-11-21T12:44:06Z,4.402673,50.829642,007t,2,5.880701491456906
23,7,2021-11-21T12:44:06Z,4.402673,50.829642,025t,2,5.880701491456906
24,7,2021-11-21T12:44:08Z,4.402509,50.829512,007t,2,6.582331953238296
24,7,2021-11-21T12:44:08Z,4.402509,50.829512,025t,2,6.582331953238296
25,7,2021-11-21T12:44:09Z,4.402423,50.829439,007t,2,6.620845592492042
25,7,2021-11-21T12:44:09Z,4.402423,50.829439,025t,2,6.620845592492042
26,7,2021-11-21T12:44:10Z,4.402327,50.829368,007t,2,7.137664372989485
26,7,2021-11-21T12:44:10Z,4.402327,50.829368,025t,2,7.137664372989485
27,7,2021-11-21T12:44:11Z,4.402227,50.829292,007t,2,7.512439907596627
27,7,2021-11-21T12:44:11Z,4.402227,50.829292,025t,2,7.512439907596627
28,7,2021-11-21T12:44:12Z,4.40212,50.829211,007t,2,7.875839853966541
28,7,2021-11-21T12:44:12Z,4.40212,50.829211,025t,2,7.875839853966541
29,7,2021-11-21T12:44:13Z,4.402008,50.829129,007t,2,8.219305540415373
29,7,2021-11-21T12:44:13Z,4.402008,50.829129,025t,2,8.219305540415373
30,7,2021-11-21T12:44:14Z,4.401884,50.829049,007t,2,9.3322677765562
30,7,2021-11-21T12:44:14Z,4.401884,50.829049,025t,2,9.3322677765562
35,7,2021-11-21T12:44:32Z,4.40129,50.828636,007t,2,9.200137603532507
35,7,2021-11-21T12:44:32Z,4.40129,50.828636,025t,2,9.200137603532507
36,7,2021-11-21T12:45:18Z,4.401177,50.828541,007t,2,7.413227965328236
36,7,2021-11-21T12:45:18Z,4.401177,50.828541,025t,2,7.413227965328236
37,7,2021-11-21T12:45:20Z,4.401041,50.828433,007t,2,5.5522480140945625
37,7,2021-11-21T12:45:20Z,4.401041,50.828433,025t,2,5.5522480140945625
38,7,2021-11-21T12:45:22Z,4.400852,50.828319,007t,2,5.291549255873784
38,7,2021-11-21T12:45:22Z,4.400852,50.828319,025t,2,5.291549255873784
39,7,2021-11-21T12:45:23Z,4.400749,50.828256,007t,2,4.937504624727875
39,7,2021-11-21T12:45:23Z,4.400749,50.828256,025t,2,4.937504624727875
40,7,2021-11-21T12:45:24Z,4.400633,50.82819,007t,2,4.764972315513647
40,7,2021-11-21T12:45:24Z,4.400633,50.82819,025t,2,4.764972315513647
41,7,2021-11-21T12:45:25Z,4.400514,50.828121,007t,1,9.861388996667438
41,7,2021-11-21T12:45:25Z,4.400514,50.828121,007t,2,4.46008335101289
41,7,2021-11-21T12:45:25Z,4.400514,50.828121,025t,1,9.861388996667438
41,7,2021-11-21T12:45:25Z,4.400514,50.828121,025t,2,4.46008335101289
42,7,2021-11-21T12:45:26Z,4.40039,50.82805,007t,1,9.223516188942527
42,7,2021-11-21T12:45:26Z,4.40039,50.82805,007t,2,3.8631311321756763
42,7,2021-11-21T12:45:26Z,4.40039,50.82805,025t,1,9.223516188942527
42,7,2021-11-21T12:45:26Z,4.40039,50.82805,025t,2,3.8631311321756763
43,7,2021-11-21T12:45:27Z,4.400265,50.827977,007t,1,8.42560739637326
43,7,2021-11-21T12:45:27Z,4.400265,50.827977,007t,2,3.138360144294997
43,7,2021-11-21T12:45:27Z,4.400265,50.827977,025t,1,8.42560739637326
43,7,2021-11-21T12:45:27Z,4.400265,50.827977,025t,2,3.138360144294997
44,7,2021-11-21T12:45:28Z,4.400138,50.827901,007t,1,7.41668389509662
44,7,2021-11-21T12:45:28Z,4.400138,50.827901,007t,2,2.147761918974286
44,7,2021-11-21T12:45:28Z,4.400138,50.827901,025t,1,7.41668389509662
44,7,2021-11-21T12:45:28Z,4.400138,50.827901,025t,2,2.147761918974286
45,7,2021-11-21T12:45:29Z,4.399999,50.827828,007t,1,7.1404601918705835
45,7,2021-11-21T12:45:29Z,4.399999,50.827828,007t,2,1.8746167462569434
45,7,2021-11-21T12:45:29Z,4.399999,50.827828,025t,1,7.1404601918705835
45,7,2021-11-21T12:45:29Z,4.399999,50.827828,025t,2,1.8746167462569434
46,7,2021-11-21T12:45:30Z,4.39986,50.827751,007t,1,6.480232392382832
46,7,2021-11-21T12:45:30Z,4.39986,50.827751,007t,2,1.2529645495948827
46,7,2021-11-21T12:45:30Z,4.39986,50.827751,025t,1,6.480232392382832
46,7,2021-11-21T12:45:30Z,4.39986,50.827751,025t,2,1.2529645495948827
47,7,2021-11-21T12:45:31Z,4.39972,50.827674,007t,1,5.8953293519087175
47,7,2021-11-21T12:45:31Z,4.39972,50.827674,007t,2,0.6781704367202013
47,7,2021-11-21T12:45:31Z,4.39972,50.827674,025t,1,5.8953293519087175
47,7,2021-11-21T12:45:31Z,4.39972,50.827674,025t,2,0.6781704367202013
48,7,2021-11-21T12:45:32Z,4.399575,50.827599,007t,1,5.714617917685538
48,7,2021-11-21T12:45:32Z,4.399575,50.827599,007t,2,0.5008304323304674
48,7,2021-11-21T12:45:32Z,4.399575,50.827599,025t,1,5.714617917685538
48,7,2021-11-21T12:45:32Z,4.399575,50.827599,025t,2,0.5008304323304674
49,7,2021-11-21T12:45:33Z,4.399424,50.827526,007t,1,5.971052247959949
49,7,2021-11-21T12:45:33Z,4.399424,50.827526,007t,2,0.7606854404075222
49,7,2021-11-21T12:45:33Z,4.399424,50.827526,025t,1,5.971052247959949
49,7,2021-11-21T12:45:33Z,4.399424,50.827526,025t,2,0.7606854404075222
50,7,2021-11-21T12:45:34Z,4.399268,50.827456,007t,1,6.707935664993193
50,7,2021-11-21T12:45:34Z,4.399268,50.827456,007t,2,1.5010069932168795
50,7,2021-11-21T12:45:34Z,4.399268,50.827456,025t,1,6.707935664993193
50,7,2021-11-21T12:45:34Z,4.399268,50.827456,025t,2,1.5010069932168795
51,7,2021-11-21T12:45:35Z,4.399104,50.827397,007t,1,8.753625784840713
51,7,2021-11-21T12:45:35Z,4.399104,50.827397,007t,2,3.5500535212042634
51,7,2021-11-21T12:45:35Z,4.399104,50.827397,025t,1,8.753625784840713
51,7,2021-11-21T12:45:35Z,4.399104,50.827397,025t,2,3.5500535212042634
52,7,2021-11-21T12:45:36Z,4.398951,50.827334,007t,1,9.968943853118251
52,7,2021-11-21T12:45:36Z,4.398951,50.827334,007t,2,4.768643613806113
52,7,2021-11-21T12:45:36Z,4.398951,50.827334,025t,1,9.968943853118251
52,7,2021-11-21T12:45:36Z,4.398951,50.827334,025t,2,4.768643613806113
53,7,2021-11-21T12:45:37Z,4.398803,50.827276,007t,2,6.203610100242223
53,7,2021-11-21T12:45:37Z,4.398803,50.827276,025t,2,6.203610100242223
54,7,2021-11-21T12:45:38Z,4.398662,50.827218,007t,2,7.331810413211189
54,7,2021-11-21T12:45:38Z,4.398662,50.827218,025t,2,7.331810413211189
55,7,2021-11-21T12:45:39Z,4.398533,50.82716,007t,2,7.934098661703547
55,7,2021-11-21T12:45:39Z,4.398533,50.82716,025t,2,7.934098661703547
56,7,2021-11-21T12:45:40Z,4.39841,50.827101,007t,2,8.186345338809787
56,7,2021-11-21T12:45:40Z,4.39841,50.827101,025t,2,8.186345338809787
57,7,2021-11-21T12:45:41Z,4.398293,50.82704,007t,2,7.933183473323705
57,7,2021-11-21T12:45:41Z,4.398293,50.82704,025t,2,7.933183473323705
58,7,2021-11-21T12:45:42Z,4.398177,50.826975,007t,2,7.230457671927943
58,7,2021-11-21T12:45:42Z,4.398177,50.826975,025t,2,7.230457671927943
59,7,2021-11-21T12:45:43Z,4.398061,50.826905,007t,1,9.039125090737587
59,7,2021-11-21T12:45:43Z,4.398061,50.826905,007t,2,6.088315704886245
59,7,2021-11-21T12:45:43Z,4.398061,50.826905,025t,1,9.039125090737587
59,7,2021-11-21T12:45:43Z,4.398061,50.826905,025t,2,6.088315704886245
60,7,2021-11-21T12:45:44Z,4.397943,50.826838,007t,1,8.006959736068081
60,7,2021-11-21T12:45:44Z,4.397943,50.826838,007t,2,5.296242842448991
60,7,2021-11-21T12:45:44Z,4.397943,50.826838,025t,1,8.006959736068081
60,7,2021-11-21T12:45:44Z,4.397943,50.826838,025t,2,5.296242842448991
61,7,2021-11-21T12:45:45Z,4.397828,50.826774,007t,1,7.272892617296308
61,7,2021-11-21T12:45:45Z,4.397828,50.826774,007t,2,4.692107235115846
61,7,2021-11-21T12:45:45Z,4.397828,50.826774,025t,1,7.272892617296308
61,7,2021-11-21T12:45:45Z,4.397828,50.826774,025t,2,4.692107235115846
62,7,2021-11-21T12:45:46Z,4.397719,50.826713,007t,1,6.7463602401529315
62,7,2021-11-21T12:45:46Z,4.397719,50.826713,007t,2,4.157502175102087
62,7,2021-11-21T12:45:46Z,4.397719,50.826713,025t,1,6.7463602401529315
62,7,2021-11-21T12:45:46Z,4.397719,50.826713,025t,2,4.157502175102087
63,7,2021-11-21T12:45:48Z,4.397514,50.826605,007t,1,6.322645562095139
63,7,2021-11-21T12:45:48Z,4.397514,50.826605,007t,2,3.737768529404105
63,7,2021-11-21T12:45:48Z,4.397514,50.826605,025t,1,6.322645562095139
63,7,2021-11-21T12:45:48Z,4.397514,50.826605,025t,2,3.737768529404105
64,7,2021-11-21T12:45:50Z,4.397345,50.82653,007t,1,7.185235880330613
64,7,2021-11-21T12:45:50Z,4.397345,50.82653,007t,2,4.614026811257323
64,7,2021-11-21T12:45:50Z,4.397345,50.82653,025t,1,7.185235880330613
64,7,2021-11-21T12:45:50Z,4.397345,50.82653,025t,2,4.614026811257323
65,7,2021-11-21T12:45:52Z,4.39722,50.826465,007t,1,6.992986014532873
65,7,2021-11-21T12:45:52Z,4.39722,50.826465,007t,2,4.432506956512194
65,7,2021-11-21T12:45:52Z,4.39722,50.826465,025t,1,6.992986014532873
65,7,2021-11-21T12:45:52Z,4.39722,50.826465,025t,2,4.432506956512194
66,7,2021-11-21T12:46:35Z,4.397083,50.826406,007t,1,7.7646027082845395
66,7,2021-11-21T12:46:35Z,4.397083,50.826406,007t,2,5.214891747914151
66,7,2021-11-21T12:46:35Z,4.397083,50.826406,025t,1,7.7646027082845395
66,7,2021-11-21T12:46:35Z,4.397083,50.826406,025t,2,5.214891747914151
67,7,2021-11-21T12:46:37Z,4.396941,50.826343,007t,1,8.180295853429254
67,7,2021-11-21T12:46:37Z,4.396941,50.826343,007t,2,5.668824643604651
67,7,2021-11-21T12:46:37Z,4.396941,50.826343,025t,1,8.180295853429254
67,7,2021-11-21T12:46:37Z,4.396941,50.826343,025t,2,5.668824643604651
67,7,2021-11-21T12:46:37Z,4.396941,50.826343,034b,1,6.750916012491706
67,7,2021-11-21T12:46:37Z,4.396941,50.826343,034b,2,3.8428048689428764
67,7,2021-11-21T12:46:37Z,4.396941,50.826343,209b,2,3.8432097728122754
68,7,2021-11-21T12:46:40Z,4.396613,50.826189,007t,1,8.670126070373753
68,7,2021-11-21T12:46:40Z,4.396613,50.826189,007t,2,6.166756703573639
68,7,2021-11-21T12:46:40Z,4.396613,50.826189,025t,1,8.670126070373753
68,7,2021-11-21T12:46:40Z,4.396613,50.826189,025t,2,6.166756703573639
68,7,2021-11-21T12:46:40Z,4.396613,50.826189,209b,2,1.0557775284600392
69,7,2021-11-21T12:46:41Z,4.396493,50.826128,007t,1,8.612890541917526
69,7,2021-11-21T12:46:41Z,4.396493,50.826128,007t,2,6.105382872194512
69,7,2021-11-21T12:46:41Z,4.396493,50.826128,025t,1,8.612890541917526
69,7,2021-11-21T12:46:41Z,4.396493,50.826128,025t,2,6.105382872194512
69,7,2021-11-21T12:46:41Z,4.396493,50.826128,209b,2,1.2328773211498743
70,7,2021-11-21T12:46:42Z,4.396366,50.826062,007t,1,8.426743635708132
70,7,2021-11-21T12:46:42Z,4.396366,50.826062,007t,2,5.914818202087518
70,7,2021-11-21T12:46:42Z,4.396366,50.826062,025t,1,8.426743635708132
70,7,2021-11-21T12:46:42Z,4.396366,50.826062,025t,2,5.914818202087518
70,7,2021-11-21T12:46:42Z,4.396366,50.826062,209b,2,1.6303288094245636
71,7,2021-11-21T12:46:44Z,4.396108,50.825926,007t,1,8.127343098995144
71,7,2021-11-21T12:46:44Z,4.396108,50.825926,007t,2,5.619531201387676
71,7,2021-11-21T12:46:44Z,4.396108,50.825926,025t,1,8.127343098995144
71,7,2021-11-21T12:46:44Z,4.396108,50.825926,025t,2,5.619531201387676
71,7,2021-11-21T12:46:44Z,4.396108,50.825926,209b,2,2.607445393540567
72,7,2021-11-21T12:46:46Z,4.395861,50.82579,007t,1,8.40879242841407
72,7,2021-11-21T12:46:46Z,4.395861,50.82579,007t,2,5.721129390987915
72,7,2021-11-21T12:46:46Z,4.395861,50.82579,025t,1,8.40879242841407
72,7,2021-11-21T12:46:46Z,4.395861,50.82579,025t,2,5.721129390987915
72,7,2021-11-21T12:46:46Z,4.395861,50.82579,209b,2,2.276166381428177
73,7,2021-11-21T12:46:48Z,4.395637,50.825667,007t,1,8.705154270751102
73,7,2021-11-21T12:46:48Z,4.395637,50.825667,007t,2,5.936402071079904
73,7,2021-11-21T12:46:48Z,4.395637,50.825667,025t,1,8.705154270751102
73,7,2021-11-21T12:46:48Z,4.395637,50.825667,025t,2,5.936402071079904
73,7,2021-11-21T12:46:48Z,4.395637,50.825667,209b,2,2.882207792884375
74,7,2021-11-21T12:46:50Z,4.395423,50.825556,007t,1,8.809953815647468
74,7,2021-11-21T12:46:50Z,4.395423,50.825556,007t,2,5.895716497543323
74,7,2021-11-21T12:46:50Z,4.395423,50.825556,025t,1,8.809953815647468
74,7,2021-11-21T12:46:50Z,4.395423,50.825556,025t,2,5.895716497543323
74,7,2021-11-21T12:46:50Z,4.395423,50.825556,209b,2,3.0711950120691163
75,7,2021-11-21T12:46:53Z,4.395138,50.825418,007t,1,9.281403402794243
75,7,2021-11-21T12:46:53Z,4.395138,50.825418,007t,2,6.3750174461522375
75,7,2021-11-21T12:46:53Z,4.395138,50.825418,025t,1,9.281403402794243
75,7,2021-11-21T12:46:53Z,4.395138,50.825418,025t,2,6.3750174461522375
75,7,2021-11-21T12:46:53Z,4.395138,50.825418,209b,2,2.470330908463586
76,7,2021-11-21T12:46:55Z,4.394974,50.825338,007t,1,9.501412405339725
76,7,2021-11-21T12:46:55Z,4.394974,50.825338,007t,2,6.5972249682564685
76,7,2021-11-21T12:46:55Z,4.394974,50.825338,025t,1,9.501412405339725
76,7,2021-11-21T12:46:55Z,4.394974,50.825338,025t,2,6.5972249682564685
76,7,2021-11-21T12:46:55Z,4.394974,50.825338,209b,2,2.1756421310367124
77,7,2021-11-21T12:46:57Z,4.394815,50.825258,007t,1,9.502322214583344
77,7,2021-11-21T12:46:57Z,4.394815,50.825258,007t,2,6.600291717663188
77,7,2021-11-21T12:46:57Z,4.394815,50.825258,025t,1,9.502322214583344
77,7,2021-11-21T12:46:57Z,4.394815,50.825258,025t,2,6.600291717663188
77,7,2021-11-21T12:46:57Z,4.394815,50.825258,209b,2,2.171787834499687
78,7,2021-11-21T12:46:59Z,4.394666,50.825183,007t,1,9.500474581761337
78,7,2021-11-21T12:46:59Z,4.394666,50.825183,007t,2,6.600465698499375
78,7,2021-11-21T12:46:59Z,4.394666,50.825183,025t,1,9.500474581761337
78,7,2021-11-21T12:46:59Z,4.394666,50.825183,025t,2,6.600465698499375
78,7,2021-11-21T12:46:59Z,4.394666,50.825183,209b,2,2.202215753534784
79,7,2021-11-21T12:47:01Z,4.394531,50.825115,007t,1,9.494741052093916
79,7,2021-11-21T12:47:01Z,4.394531,50.825115,007t,2,6.596564324053134
79,7,2021-11-21T12:47:01Z,4.394531,50.825115,025t,1,9.494741052093916
79,7,2021-11-21T12:47:01Z,4.394531,50.825115,025t,2,6.596564324053134
79,7,2021-11-21T12:47:01Z,4.394531,50.825115,209b,2,2.2338511168389545
80,7,2021-11-21T12:47:03Z,4.394415,50.825056,007t,1,9.440161126850896
80,7,2021-11-21T12:47:03Z,4.394415,50.825056,007t,2,6.543564647189502
80,7,2021-11-21T12:47:03Z,4.394415,50.825056,025t,1,9.440161126850896
80,7,2021-11-21T12:47:03Z,4.394415,50.825056,025t,2,6.543564647189502
80,7,2021-11-21T12:47:03Z,4.394415,50.825056,209b,2,2.3107714578930936
81,7,2021-11-21T12:47:06Z,4.394258,50.824977,007t,1,9.44065958879154
81,7,2021-11-21T12:47:06Z,4.394258,50.824977,007t,2,6.546192991337523
81,7,2021-11-21T12:47:06Z,4.394258,50.824977,025t,1,9.44065958879154
81,7,2021-11-21T12:47:06Z,4.394258,50.824977,025t,2,6.546192991337523
81,7,2021-11-21T12:47:06Z,4.394258,50.824977,209b,2,2.34038391989737
82,7,2021-11-21T12:47:09Z,4.394126,50.82491,007t,1,9.390627666658327
82,7,2021-11-21T12:47:09Z,4.394126,50.82491,007t,2,6.497957847140854
82,7,2021-11-21T12:47:09Z,4.394126,50.82491,025t,1,9.390627666658327
82,7,2021-11-21T12:47:09Z,4.394126,50.82491,025t,2,6.497957847140854
82,7,2021-11-21T12:47:09Z,4.394126,50.82491,209b,2,2.4158174263418757
83,7,2021-11-21T12:47:13Z,4.393989,50.824841,007t,1,9.385579586744276
83,7,2021-11-21T12:47:13Z,4.393989,50.824841,007t,2,6.4947689947826595
83,7,2021-11-21T12:47:13Z,4.393989,50.824841,025t,1,9.385579586744276
83,7,2021-11-21T12:47:13Z,4.393989,50.824841,025t,2,6.4947689947826595
83,7,2021-11-21T12:47:13Z,4.393989,50.824841,209b,2,2.2780648581605445
84,7,2021-11-21T12:47:21Z,4.393871,50.824784,007t,1,9.635344146190725
84,7,2021-11-21T12:47:21Z,4.393871,50.824784,007t,2,6.7037256414784
84,7,2021-11-21T12:47:21Z,4.393871,50.824784,025t,1,9.635344146190725
84,7,2021-11-21T12:47:21Z,4.393871,50.824784,025t,2,6.7037256414784
84,7,2021-11-21T12:47:21Z,4.393871,50.824784,209b,2,1.9366268286474884
85,7,2021-11-21T12:47:55Z,4.393759,50.824726,007t,1,9.495808141627277
85,7,2021-11-21T12:47:55Z,4.393759,50.824726,007t,2,6.562588552990724
85,7,2021-11-21T12:47:55Z,4.393759,50.824726,025t,1,9.495808141627277
85,7,2021-11-21T12:47:55Z,4.393759,50.824726,025t,2,6.562588552990724
85,7,2021-11-21T12:47:55Z,4.393759,50.824726,209b,2,1.9485718393822062
86,7,2021-11-21T12:47:57Z,4.393641,50.824668,007t,1,9.619376575818366
86,7,2021-11-21T12:47:57Z,4.393641,50.824668,007t,2,6.684503915106055
86,7,2021-11-21T12:47:57Z,4.393641,50.824668,025t,1,9.619376575818366
86,7,2021-11-21T12:47:57Z,4.393641,50.824668,025t,2,6.684503915106055
86,7,2021-11-21T12:47:57Z,4.393641,50.824668,209b,2,1.6932906867010675
87,7,2021-11-21T12:47:59Z,4.393492,50.824594,007t,1,9.709027543331619
87,7,2021-11-21T12:47:59Z,4.393492,50.824594,007t,2,6.772059233784422
87,7,2021-11-21T12:47:59Z,4.393492,50.824594,025t,1,9.709027543331619
87,7,2021-11-21T12:47:59Z,4.393492,50.824594,025t,2,6.772059233784422
87,7,2021-11-21T12:47:59Z,4.393492,50.824594,209b,2,1.4366582576690807
88,7,2021-11-21T12:48:01Z,4.393323,50.824505,007t,1,9.369536741809815
88,7,2021-11-21T12:48:01Z,4.393323,50.824505,007t,2,6.426101600033248
88,7,2021-11-21T12:48:01Z,4.393323,50.824505,025t,1,9.369536741809815
88,7,2021-11-21T12:48:01Z,4.393323,50.824505,025t,2,6.426101600033248
88,7,2021-11-21T12:48:01Z,4.393323,50.824505,209b,2,1.5823284238877644
89,7,2021-11-21T12:48:03Z,4.39313,50.824403,007t,1,8.950465227793346
89,7,2021-11-21T12:48:03Z,4.39313,50.824403,007t,2,5.99819906183049
89,7,2021-11-21T12:48:03Z,4.39313,50.824403,025t,1,8.950465227793346
89,7,2021-11-21T12:48:03Z,4.39313,50.824403,025t,2,5.99819906183049
89,7,2021-11-21T12:48:03Z,4.39313,50.824403,209b,2,2.090376899342922
90,7,2021-11-21T12:48:05Z,4.392913,50.824287,007t,1,8.3647623767233
90,7,2021-11-21T12:48:05Z,4.392913,50.824287,007t,2,5.402521586758375
90,7,2021-11-21T12:48:05Z,4.392913,50.824287,025t,1,8.3647623767233
90,7,2021-11-21T12:48:05Z,4.392913,50.824287,025t,2,5.402521586758375
90,7,2021-11-21T12:48:05Z,4.392913,50.824287,209b,2,2.2554201418654225
91,7,2021-11-21T12:48:06Z,4.392794,50.824223,007t,1,8.009899031735067
91,7,2021-11-21T12:48:06Z,4.392794,50.824223,007t,2,5.042174918498782
91,7,2021-11-21T12:48:06Z,4.392794,50.824223,025t,1,8.009899031735067
91,7,2021-11-21T12:48:06Z,4.392794,50.824223,025t,2,5.042174918498782
91,7,2021-11-21T12:48:06Z,4.392794,50.824223,209b,2,2.6236575293904276
92,7,2021-11-21T12:48:07Z,4.392674,50.82416,007t,1,7.785983532596461
92,7,2021-11-21T12:48:07Z,4.392674,50.82416,007t,2,4.812783094606825
92,7,2021-11-21T12:48:07Z,4.392674,50.82416,025t,1,7.785983532596461
92,7,2021-11-21T12:48:07Z,4.392674,50.82416,025t,2,4.812783094606825
92,7,2021-11-21T12:48:07Z,4.392674,50.82416,209b,2,2.8609300583768693
93,7,2021-11-21T12:48:08Z,4.392548,50.824092,007t,1,7.389811101232891
93,7,2021-11-21T12:48:08Z,4.392548,50.824092,007t,2,4.4107966597113855
93,7,2021-11-21T12:48:08Z,4.392548,50.824092,025t,1,7.389811101232891
93,7,2021-11-21T12:48:08Z,4.392548,50.824092,025t,2,4.4107966597113855
93,7,2021-11-21T12:48:08Z,4.392548,50.824092,209b,2,3.2712830658318373
94,7,2021-11-21T12:48:09Z,4.392421,50.824023,007t,1,6.919320990030451
94,7,2021-11-21T12:48:09Z,4.392421,50.824023,007t,2,3.9655502872276056
94,7,2021-11-21T12:48:09Z,4.392421,50.824023,025t,1,6.919320990030451
94,7,2021-11-21T12:48:09Z,4.392421,50.824023,025t,2,3.9655502872276056
94,7,2021-11-21T12:48:09Z,4.392421,50.824023,209b,2,3.724985267983448
95,7,2021-11-21T12:48:10Z,4.392299,50.823956,007t,1,6.389976301127574
95,7,2021-11-21T12:48:10Z,4.392299,50.823956,007t,2,3.475443495943566
95,7,2021-11-21T12:48:10Z,4.392299,50.823956,025t,1,6.389976301127574
95,7,2021-11-21T12:48:10Z,4.392299,50.823956,025t,2,3.475443495943566
95,7,2021-11-21T12:48:10Z,4.392299,50.823956,209b,2,4.223250555195197
96,7,2021-11-21T12:48:11Z,4.392171,50.823887,007t,1,5.947748191742826
96,7,2021-11-21T12:48:11Z,4.392171,50.823887,007t,2,3.0475146631841747
96,7,2021-11-21T12:48:11Z,4.392171,50.823887,025t,1,5.947748191742826
96,7,2021-11-21T12:48:11Z,4.392171,50.823887,025t,2,3.0475146631841747
96,7,2021-11-21T12:48:11Z,4.392171,50.823887,209b,2,4.633115102443916
97,7,2021-11-21T12:48:12Z,4.392045,50.823819,007t,1,5.506821885253161
97,7,2021-11-21T12:48:12Z,4.392045,50.823819,007t,2,2.594967262544736
97,7,2021-11-21T12:48:12Z,4.392045,50.823819,025t,1,5.506821885253161
97,7,2021-11-21T12:48:12Z,4.392045,50.823819,025t,2,2.594967262544736
97,7,2021-11-21T12:48:12Z,4.392045,50.823819,209b,2,5.043356687812287
98,7,2021-11-21T12:48:13Z,4.391918,50.823752,007t,1,5.20052941381469
98,7,2021-11-21T12:48:13Z,4.391918,50.823752,007t,2,2.2734376187004073
98,7,2021-11-21T12:48:13Z,4.391918,50.823752,025t,1,5.20052941381469
98,7,2021-11-21T12:48:13Z,4.391918,50.823752,025t,2,2.2734376187004073
98,7,2021-11-21T12:48:13Z,4.391918,50.823752,209b,2,5.302811564691293
99,7,2021-11-21T12:48:14Z,4.39179,50.823685,007t,1,4.937918936570352
99,7,2021-11-21T12:48:14Z,4.39179,50.823685,007t,2,1.9955175271383307
99,7,2021-11-21T12:48:14Z,4.39179,50.823685,025t,1,4.937918936570352
99,7,2021-11-21T12:48:14Z,4.39179,50.823685,025t,2,1.9955175271383307
99,7,2021-11-21T12:48:14Z,4.39179,50.823685,209b,2,5.515922496653459
100,7,2021-11-21T12:48:15Z,4.391668,50.823623,007t,1,4.85000163791588
100,7,2021-11-21T12:48:15Z,4.391668,50.823623,007t,2,1.8931758281588067
100,7,2021-11-21T12:48:15Z,4.391668,50.823623,025t,1,4.85000163791588
100,7,2021-11-21T12:48:15Z,4.391668,50.823623,025t,2,1.8931758281588067
100,7,2021-11-21T12:48:15Z,4.391668,50.823623,209b,2,5.557204222690337
101,7,2021-11-21T12:48:16Z,4.391546,50.823561,007t,1,4.762109558292634
101,7,2021-11-21T12:48:16Z,4.391546,50.823561,007t,2,1.8297609704991127
101,7,2021-11-21T12:48:16Z,4.391546,50.823561,025t,1,4.762109558292634
101,7,2021-11-21T12:48:16Z,4.391546,50.823561,025t,2,1.8297609704991127
101,7,2021-11-21T12:48:16Z,4.391546,50.823561,209b,2,5.598460691973675
102,7,2021-11-21T12:48:17Z,4.391424,50.8235,007t,1,4.761560537653984
102,7,2021-11-21T12:48:17Z,4.391424,50.8235,007t,2,1.8757529487599087
102,7,2021-11-21T12:48:17Z,4.391424,50.8235,025t,1,4.761560537653984
102,7,2021-11-21T12:48:17Z,4.391424,50.8235,025t,2,1.8757529487599087
102,7,2021-11-21T12:48:17Z,4.391424,50.8235,209b,2,5.552666487891908
103,7,2021-11-21T12:48:18Z,4.391308,50.823442,007t,1,4.7610616961212555
103,7,2021-11-21T12:48:18Z,4.391308,50.823442,007t,2,1.8054628530281809
103,7,2021-11-21T12:48:18Z,4.391308,50.823442,025t,1,4.7610616961212555
103,7,2021-11-21T12:48:18Z,4.391308,50.823442,025t,2,1.8054628530281809
103,7,2021-11-21T12:48:18Z,4.391308,50.823442,209b,2,5.509101245826817
104,7,2021-11-21T12:48:19Z,4.391191,50.823384,007t,1,4.804240250570251
104,7,2021-11-21T12:48:19Z,4.391191,50.823384,007t,2,1.8475145877792964
104,7,2021-11-21T12:48:19Z,4.391191,50.823384,025t,1,4.804240250570251
104,7,2021-11-21T12:48:19Z,4.391191,50.823384,025t,2,1.8475145877792964
104,7,2021-11-21T12:48:19Z,4.391191,50.823384,209b,2,5.447084075841288
105,7,2021-11-21T12:48:21Z,4.390971,50.823277,007t,1,5.065351583180955
105,7,2021-11-21T12:48:21Z,4.390971,50.823277,007t,2,2.106522391820181
105,7,2021-11-21T12:48:21Z,4.390971,50.823277,025t,1,5.065351583180955
105,7,2021-11-21T12:48:21Z,4.390971,50.823277,025t,2,2.106522391820181
105,7,2021-11-21T12:48:21Z,4.390971,50.823277,209b,2,5.184463213895765
106,7,2021-11-21T12:48:23Z,4.390738,50.823173,007t,1,6.156013882230863
106,7,2021-11-21T12:48:23Z,4.390738,50.823173,007t,2,3.2292286856506354
106,7,2021-11-21T12:48:23Z,4.390738,50.823173,025t,1,6.156013882230863
106,7,2021-11-21T12:48:23Z,4.390738,50.823173,025t,2,3.2292286856506354
106,7,2021-11-21T12:48:23Z,4.390738,50.823173,209b,2,4.092251818007654
107,7,2021-11-21T12:48:24Z,4.390616,50.823121,007t,1,6.941482268212824
107,7,2021-11-21T12:48:24Z,4.390616,50.823121,007t,2,4.055282029157805
107,7,2021-11-21T12:48:24Z,4.390616,50.823121,025t,1,6.941482268212824
107,7,2021-11-21T12:48:24Z,4.390616,50.823121,025t,2,4.055282029157805
107,7,2021-11-21T12:48:24Z,4.390616,50.823121,209b,2,3.3059853862824933
108,7,2021-11-21T12:48:25Z,4.390493,50.823067,007t,1,7.601136068559303
108,7,2021-11-21T12:48:25Z,4.390493,50.823067,007t,2,4.7511398818593
108,7,2021-11-21T12:48:25Z,4.390493,50.823067,025t,1,7.601136068559303
108,7,2021-11-21T12:48:25Z,4.390493,50.823067,025t,2,4.7511398818593
108,7,2021-11-21T12:48:25Z,4.390493,50.823067,209b,2,2.925344852063509
109,7,2021-11-21T12:48:26Z,4.390375,50.823012,007t,1,8.068178259608935
109,7,2021-11-21T12:48:26Z,4.390375,50.823012,007t,2,5.140612433091699
109,7,2021-11-21T12:48:26Z,4.390375,50.823012,025t,1,8.068178259608935
109,7,2021-11-21T12:48:26Z,4.390375,50.823012,025t,2,5.140612433091699
109,7,2021-11-21T12:48:26Z,4.390375,50.823012,209b,2,2.91775851847327
110,7,2021-11-21T12:48:27Z,4.390254,50.822954,007t,1,8.40853614199263
110,7,2021-11-21T12:48:27Z,4.390254,50.822954,007t,2,5.400590222587758
110,7,2021-11-21T12:48:27Z,4.390254,50.822954,025t,1,8.40853614199263
110,7,2021-11-21T12:48:27Z,4.390254,50.822954,025t,2,5.400590222587758
110,7,2021-11-21T12:48:27Z,4.390254,50.822954,209b,2,3.0533849202271734
111,7,2021-11-21T12:48:28Z,4.390136,50.822896,007t,1,8.616058840248126
111,7,2021-11-21T12:48:28Z,4.390136,50.822896,007t,2,5.599806786734644
111,7,2021-11-21T12:48:28Z,4.390136,50.822896,025t,1,8.616058840248126
111,7,2021-11-21T12:48:28Z,4.390136,50.822896,025t,2,5.599806786734644
111,7,2021-11-21T12:48:28Z,4.390136,50.822896,209b,2,2.9217257860655237
112,7,2021-11-21T12:48:29Z,4.390019,50.822839,007t,1,8.865839899685536
112,7,2021-11-21T12:48:29Z,4.390019,50.822839,007t,2,5.87853838600835
112,7,2021-11-21T12:48:29Z,4.390019,50.822839,025t,1,8.865839899685536
112,7,2021-11-21T12:48:29Z,4.390019,50.822839,025t,2,5.87853838600835
112,7,2021-11-21T12:48:29Z,4.390019,50.822839,209b,2,3.22948180479786
113,7,2021-11-21T12:48:31Z,4.389802,50.822734,007t,1,9.408128308127774
113,7,2021-11-21T12:48:31Z,4.389802,50.822734,007t,2,6.457540339734344
113,7,2021-11-21T12:48:31Z,4.389802,50.822734,025t,1,9.408128308127774
113,7,2021-11-21T12:48:31Z,4.389802,50.822734,025t,2,6.457540339734344
113,7,2021-11-21T12:48:31Z,4.389802,50.822734,209b,2,3.7693494729562
114,7,2021-11-21T12:48:33Z,4.389614,50.822642,007t,1,9.79114229890449
114,7,2021-11-21T12:48:33Z,4.389614,50.822642,007t,2,6.870116211107959
114,7,2021-11-21T12:48:33Z,4.389614,50.822642,025t,1,9.79114229890449
114,7,2021-11-21T12:48:33Z,4.389614,50.822642,025t,2,6.870116211107959
114,7,2021-11-21T12:48:33Z,4.389614,50.822642,209b,2,4.3301769840735895
115,7,2021-11-21T12:48:35Z,4.389453,50.82256,007t,1,9.841452395325081
115,7,2021-11-21T12:48:35Z,4.389453,50.82256,007t,2,6.9461403597159235
115,7,2021-11-21T12:48:35Z,4.389453,50.82256,025t,1,9.841452395325081
115,7,2021-11-21T12:48:35Z,4.389453,50.82256,025t,2,6.9461403597159235
115,7,2021-11-21T12:48:35Z,4.389453,50.82256,209b,2,5.1003925536404875
116,7,2021-11-21T12:48:37Z,4.389315,50.822489,007t,1,9.725154576595491
116,7,2021-11-21T12:48:37Z,4.389315,50.822489,007t,2,6.8305352275997375
116,7,2021-11-21T12:48:37Z,4.389315,50.822489,025t,1,9.725154576595491
116,7,2021-11-21T12:48:37Z,4.389315,50.822489,025t,2,6.8305352275997375
116,7,2021-11-21T12:48:37Z,4.389315,50.822489,209b,2,5.161381621087821
117,7,2021-11-21T12:48:39Z,4.389188,50.822423,007t,1,9.51232961154361
117,7,2021-11-21T12:48:39Z,4.389188,50.822423,007t,2,6.638430237533436
117,7,2021-11-21T12:48:39Z,4.389188,50.822423,025t,1,9.51232961154361
117,7,2021-11-21T12:48:39Z,4.389188,50.822423,025t,2,6.638430237533436
117,7,2021-11-21T12:48:39Z,4.389188,50.822423,209b,2,5.077140506910777
118,7,2021-11-21T12:48:41Z,4.389075,50.822366,007t,1,9.48095402537706
118,7,2021-11-21T12:48:41Z,4.389075,50.822366,007t,2,6.617823048065596
118,7,2021-11-21T12:48:41Z,4.389075,50.822366,025t,1,9.48095402537706
118,7,2021-11-21T12:48:41Z,4.389075,50.822366,025t,2,6.617823048065596
118,7,2021-11-21T12:48:41Z,4.389075,50.822366,209b,2,4.832334619345221
119,7,2021-11-21T12:49:12Z,4.388958,50.822307,007t,1,9.450034437875662
119,7,2021-11-21T12:49:12Z,4.388958,50.822307,007t,2,6.598051754433612
119,7,2021-11-21T12:49:12Z,4.388958,50.822307,025t,1,9.450034437875662
119,7,2021-11-21T12:49:12Z,4.388958,50.822307,025t,2,6.598051754433612
119,7,2021-11-21T12:49:12Z,4.388958,50.822307,209b,2,4.577329907993008
120,7,2021-11-21T12:49:16Z,4.388806,50.822222,007t,1,8.681477946487853
120,7,2021-11-21T12:49:16Z,4.388806,50.822222,007t,2,5.820771579610756
120,7,2021-11-21T12:49:16Z,4.388806,50.822222,025t,1,8.681477946487853
120,7,2021-11-21T12:49:16Z,4.388806,50.822222,025t,2,5.820771579610756
120,7,2021-11-21T12:49:16Z,4.388806,50.822222,209b,2,4.958520783320829
121,7,2021-11-21T12:49:18Z,4.388671,50.822151,007t,1,8.166129800659837
121,7,2021-11-21T12:49:18Z,4.388671,50.822151,007t,2,5.196861490477458
121,7,2021-11-21T12:49:18Z,4.388671,50.822151,025t,1,8.166129800659837
121,7,2021-11-21T12:49:18Z,4.388671,50.822151,025t,2,5.196861490477458
121,7,2021-11-21T12:49:18Z,4.388671,50.822151,095b,2,9.285165192320507
121,7,2021-11-21T12:49:18Z,4.388671,50.822151,208b,2,9.285165192320507
121,7,2021-11-21T12:49:18Z,4.388671,50.822151,209b,2,4.913635493194525
122,7,2021-11-21T12:49:20Z,4.388496,50.822062,007t,1,7.488866767323923
122,7,2021-11-21T12:49:20Z,4.388496,50.822062,007t,2,4.548760721266694
122,7,2021-11-21T12:49:20Z,4.388496,50.822062,025t,1,7.488866767323923
122,7,2021-11-21T12:49:20Z,4.388496,50.822062,025t,2,4.548760721266694
122,7,2021-11-21T12:49:20Z,4.388496,50.822062,095b,1,3.6066564163795305
122,7,2021-11-21T12:49:20Z,4.388496,50.822062,095b,2,6.478718052371593
122,7,2021-11-21T12:49:20Z,4.388496,50.822062,208b,1,3.6066564163795305
122,7,2021-11-21T12:49:20Z,4.388496,50.822062,208b,2,6.478718052371593
122,7,2021-11-21T12:49:20Z,4.388496,50.822062,209b,2,3.6066564163795305
123,7,2021-11-21T12:49:22Z,4.388276,50.821959,007t,1,6.986773855650767
123,7,2021-11-21T12:49:22Z,4.388276,50.821959,007t,2,4.1033799875707295
123,7,2021-11-21T12:49:22Z,4.388276,50.821959,025t,1,6.986773855650767
123,7,2021-11-21T12:49:22Z,4.388276,50.821959,025t,2,4.1033799875707295
124,7,2021-11-21T12:49:23Z,4.388157,50.821904,007t,1,6.720853733318698
124,7,2021-11-21T12:49:23Z,4.388157,50.821904,007t,2,3.812428560768713
124,7,2021-11-21T12:49:23Z,4.388157,50.821904,025t,1,6.720853733318698
124,7,2021-11-21T12:49:23Z,4.388157,50.821904,025t,2,3.812428560768713
125,7,2021-11-21T12:49:24Z,4.38804,50.821847,007t,1,6.189512650625489
125,7,2021-11-21T12:49:24Z,4.38804,50.821847,007t,2,3.2583281657908234
125,7,2021-11-21T12:49:24Z,4.38804,50.821847,025t,1,6.189512650625489
125,7,2021-11-21T12:49:24Z,4.38804,50.821847,025t,2,3.2583281657908234
126,7,2021-11-21T12:49:25Z,4.387927,50.821792,007t,1,5.798784280548131
126,7,2021-11-21T12:49:25Z,4.387927,50.821792,007t,2,2.8955381204227777
126,7,2021-11-21T12:49:25Z,4.387927,50.821792,025t,1,5.798784280548131
126,7,2021-11-21T12:49:25Z,4.387927,50.821792,025t,2,2.8955381204227777
127,7,2021-11-21T12:49:26Z,4.387817,50.821735,007t,1,5.3037712841339495
127,7,2021-11-21T12:49:26Z,4.387817,50.821735,007t,2,2.3633459212830066
127,7,2021-11-21T12:49:26Z,4.387817,50.821735,025t,1,5.3037712841339495
127,7,2021-11-21T12:49:26Z,4.387817,50.821735,025t,2,2.3633459212830066
128,7,2021-11-21T12:49:28Z,4.387597,50.82163,007t,1,5.307291047481207
128,7,2021-11-21T12:49:28Z,4.387597,50.82163,007t,2,2.290847372016604
128,7,2021-11-21T12:49:28Z,4.387597,50.82163,025t,1,5.307291047481207
128,7,2021-11-21T12:49:28Z,4.387597,50.82163,025t,2,2.290847372016604
129,7,2021-11-21T12:49:30Z,4.387391,50.821527,007t,1,4.745351650162403
129,7,2021-11-21T12:49:30Z,4.387391,50.821527,007t,2,1.799695223084031
129,7,2021-11-21T12:49:30Z,4.387391,50.821527,025t,1,4.745351650162403
129,7,2021-11-21T12:49:30Z,4.387391,50.821527,025t,2,1.799695223084031
130,7,2021-11-21T12:49:32Z,4.387207,50.821449,007t,1,5.321273003437579
130,7,2021-11-21T12:49:32Z,4.387207,50.821449,007t,2,2.321792782133361
130,7,2021-11-21T12:49:32Z,4.387207,50.821449,025t,1,5.321273003437579
130,7,2021-11-21T12:49:32Z,4.387207,50.821449,025t,2,2.321792782133361
131,7,2021-11-21T12:49:34Z,4.387066,50.821393,007t,1,5.81760245771104
131,7,2021-11-21T12:49:34Z,4.387066,50.821393,007t,2,2.919030504198127
131,7,2021-11-21T12:49:34Z,4.387066,50.821393,025t,1,5.81760245771104
131,7,2021-11-21T12:49:34Z,4.387066,50.821393,025t,2,2.919030504198127
132,7,2021-11-21T12:49:39Z,4.386937,50.821344,007t,1,6.47649117000513
132,7,2021-11-21T12:49:39Z,4.386937,50.821344,007t,2,3.5161005437013797
132,7,2021-11-21T12:49:39Z,4.386937,50.821344,025t,1,6.47649117000513
132,7,2021-11-21T12:49:39Z,4.386937,50.821344,025t,2,3.5161005437013797
133,7,2021-11-21T12:49:45Z,4.386807,50.821294,007t,1,6.924551325506724
133,7,2021-11-21T12:49:45Z,4.386807,50.821294,007t,2,4.026375752623338
133,7,2021-11-21T12:49:45Z,4.386807,50.821294,025t,1,6.924551325506724
133,7,2021-11-21T12:49:45Z,4.386807,50.821294,025t,2,4.026375752623338
134,7,2021-11-21T12:49:48Z,4.386631,50.821222,007t,1,6.981587389205251
134,7,2021-11-21T12:49:48Z,4.386631,50.821222,007t,2,4.023809540028963
134,7,2021-11-21T12:49:48Z,4.386631,50.821222,025t,1,6.981587389205251
134,7,2021-11-21T12:49:48Z,4.386631,50.821222,025t,2,4.023809540028963
135,7,2021-11-21T12:49:50Z,4.386482,50.821162,007t,1,6.989079486647077
135,7,2021-11-21T12:49:50Z,4.386482,50.821162,007t,2,4.048924000355628
135,7,2021-11-21T12:49:50Z,4.386482,50.821162,025t,1,6.989079486647077
135,7,2021-11-21T12:49:50Z,4.386482,50.821162,025t,2,4.048924000355628
136,7,2021-11-21T12:49:52Z,4.386295,50.821086,007t,1,6.772690764809421
136,7,2021-11-21T12:49:52Z,4.386295,50.821086,007t,2,3.84300394174758
136,7,2021-11-21T12:49:52Z,4.386295,50.821086,025t,1,6.772690764809421
136,7,2021-11-21T12:49:52Z,4.386295,50.821086,025t,2,3.84300394174758
137,7,2021-11-21T12:49:54Z,4.386074,50.821001,007t,1,6.8492188368112545
137,7,2021-11-21T12:49:54Z,4.386074,50.821001,007t,2,3.90377791145761
137,7,2021-11-21T12:49:54Z,4.386074,50.821001,025t,1,6.8492188368112545
137,7,2021-11-21T12:49:54Z,4.386074,50.821001,025t,2,3.90377791145761
138,7,2021-11-21T12:49:56Z,4.385826,50.820909,007t,1,6.927989025256741
138,7,2021-11-21T12:49:56Z,4.385826,50.820909,007t,2,4.0679196800355415
138,7,2021-11-21T12:49:56Z,4.385826,50.820909,025t,1,6.927989025256741
138,7,2021-11-21T12:49:56Z,4.385826,50.820909,025t,2,4.0679196800355415
139,7,2021-11-21T12:49:57Z,4.385691,50.820859,007t,1,6.956273518105417
139,7,2021-11-21T12:49:57Z,4.385691,50.820859,007t,2,3.96370629048503
139,7,2021-11-21T12:49:57Z,4.385691,50.820859,025t,1,6.956273518105417
139,7,2021-11-21T12:49:57Z,4.385691,50.820859,025t,2,3.96370629048503
140,7,2021-11-21T12:49:58Z,4.385552,50.820808,007t,1,6.8287433377699
140,7,2021-11-21T12:49:58Z,4.385552,50.820808,007t,2,3.8587174421265185
140,7,2021-11-21T12:49:58Z,4.385552,50.820808,025t,1,6.8287433377699
140,7,2021-11-21T12:49:58Z,4.385552,50.820808,025t,2,3.8587174421265185
141,7,2021-11-21T12:49:59Z,4.385406,50.820755,007t,1,6.728867595599589
141,7,2021-11-21T12:49:59Z,4.385406,50.820755,007t,2,3.8034694640307727
141,7,2021-11-21T12:49:59Z,4.385406,50.820755,025t,1,6.728867595599589
141,7,2021-11-21T12:49:59Z,4.385406,50.820755,025t,2,3.8034694640307727
142,7,2021-11-21T12:50:00Z,4.385259,50.820701,007t,1,6.483259402817243
142,7,2021-11-21T12:50:00Z,4.385259,50.820701,007t,2,3.5510514492667307
142,7,2021-11-21T12:50:00Z,4.385259,50.820701,025t,1,6.483259402817243
142,7,2021-11-21T12:50:00Z,4.385259,50.820701,025t,2,3.5510514492667307
143,7,2021-11-21T12:50:01Z,4.385114,50.820649,007t,1,6.273715495107257
143,7,2021-11-21T12:50:01Z,4.385114,50.820649,007t,2,3.3727654187530285
143,7,2021-11-21T12:50:01Z,4.385114,50.820649,025t,1,6.273715495107257
143,7,2021-11-21T12:50:01Z,4.385114,50.820649,025t,2,3.3727654187530285
144,7,2021-11-21T12:50:02Z,4.384969,50.820595,007t,1,5.807465313701809
144,7,2021-11-21T12:50:02Z,4.384969,50.820595,007t,2,2.8266612996818634
144,7,2021-11-21T12:50:02Z,4.384969,50.820595,025t,1,5.807465313701809
144,7,2021-11-21T12:50:02Z,4.384969,50.820595,025t,2,2.8266612996818634
145,7,2021-11-21T12:50:03Z,4.384824,50.820544,007t,1,5.455138963299781
145,7,2021-11-21T12:50:03Z,4.384824,50.820544,007t,2,2.536267362904568
145,7,2021-11-21T12:50:03Z,4.384824,50.820544,025t,1,5.455138963299781
145,7,2021-11-21T12:50:03Z,4.384824,50.820544,025t,2,2.536267362904568
146,7,2021-11-21T12:50:04Z,4.384673,50.820493,007t,1,5.296844256338179
146,7,2021-11-21T12:50:04Z,4.384673,50.820493,007t,2,2.349411097005589
146,7,2021-11-21T12:50:04Z,4.384673,50.820493,025t,1,5.296844256338179
146,7,2021-11-21T12:50:04Z,4.384673,50.820493,025t,2,2.349411097005589
147,7,2021-11-21T12:50:05Z,4.384521,50.820443,007t,1,5.1168578318254205
147,7,2021-11-21T12:50:05Z,4.384521,50.820443,007t,2,2.1835194932553015
147,7,2021-11-21T12:50:05Z,4.384521,50.820443,025t,1,5.1168578318254205
147,7,2021-11-21T12:50:05Z,4.384521,50.820443,025t,2,2.1835194932553015
148,7,2021-11-21T12:50:06Z,4.384363,50.820391,007t,1,4.863265779437902
148,7,2021-11-21T12:50:06Z,4.384363,50.820391,007t,2,1.9849107442304381
148,7,2021-11-21T12:50:06Z,4.384363,50.820391,025t,1,4.863265779437902
148,7,2021-11-21T12:50:06Z,4.384363,50.820391,025t,2,1.9849107442304381
149,7,2021-11-21T12:50:07Z,4.384199,50.82034,007t,1,4.810673220103608
149,7,2021-11-21T12:50:07Z,4.384199,50.82034,007t,2,1.8460783374828018
149,7,2021-11-21T12:50:07Z,4.384199,50.82034,025t,1,4.810673220103608
149,7,2021-11-21T12:50:07Z,4.384199,50.82034,025t,2,1.8460783374828018
150,7,2021-11-21T12:50:08Z,4.384029,50.820289,007t,1,4.754144975502764
150,7,2021-11-21T12:50:08Z,4.384029,50.820289,007t,2,1.8572649967400374
150,7,2021-11-21T12:50:08Z,4.384029,50.820289,025t,1,4.754144975502764
150,7,2021-11-21T12:50:08Z,4.384029,50.820289,025t,2,1.8572649967400374
151,7,2021-11-21T12:50:09Z,4.383855,50.820238,007t,1,4.817208530568242
151,7,2021-11-21T12:50:09Z,4.383855,50.820238,007t,2,1.8339222158927821
151,7,2021-11-21T12:50:09Z,4.383855,50.820238,025t,1,4.817208530568242
151,7,2021-11-21T12:50:09Z,4.383855,50.820238,025t,2,1.8339222158927821
152,7,2021-11-21T12:50:10Z,4.383679,50.820189,007t,1,4.899189791182846
152,7,2021-11-21T12:50:10Z,4.383679,50.820189,007t,2,2.0073558483110254
152,7,2021-11-21T12:50:10Z,4.383679,50.820189,025t,1,4.899189791182846
152,7,2021-11-21T12:50:10Z,4.383679,50.820189,025t,2,2.0073558483110254
153,7,2021-11-21T12:50:11Z,4.383501,50.820141,007t,1,5.085563401860154
153,7,2021-11-21T12:50:11Z,4.383501,50.820141,007t,2,2.189897338747817
153,7,2021-11-21T12:50:11Z,4.383501,50.820141,025t,1,5.085563401860154
153,7,2021-11-21T12:50:11Z,4.383501,50.820141,025t,2,2.189897338747817
154,7,2021-11-21T12:50:12Z,4.383322,50.820096,007t,1,5.592218721462773
154,7,2021-11-21T12:50:12Z,4.383322,50.820096,007t,2,2.636479739054283
154,7,2021-11-21T12:50:12Z,4.383322,50.820096,025t,1,5.592218721462773
154,7,2021-11-21T12:50:12Z,4.383322,50.820096,025t,2,2.636479739054283
155,7,2021-11-21T12:50:13Z,4.383142,50.820052,007t,1,5.9238114298388
155,7,2021-11-21T12:50:13Z,4.383142,50.820052,007t,2,2.9776821121668107
155,7,2021-11-21T12:50:13Z,4.383142,50.820052,025t,1,5.9238114298388
155,7,2021-11-21T12:50:13Z,4.383142,50.820052,025t,2,2.9776821121668107
156,7,2021-11-21T12:50:14Z,4.382962,50.82001,007t,1,6.496106735998151
156,7,2021-11-21T12:50:14Z,4.382962,50.82001,007t,2,3.5244080623550085
156,7,2021-11-21T12:50:14Z,4.382962,50.82001,025t,1,6.496106735998151
156,7,2021-11-21T12:50:14Z,4.382962,50.82001,025t,2,3.5244080623550085
157,7,2021-11-21T12:50:15Z,4.382783,50.819968,007t,1,6.84421506870359
157,7,2021-11-21T12:50:15Z,4.382783,50.819968,007t,2,3.9341866033182957
157,7,2021-11-21T12:50:15Z,4.382783,50.819968,025t,1,6.84421506870359
157,7,2021-11-21T12:50:15Z,4.382783,50.819968,025t,2,3.9341866033182957
158,7,2021-11-21T12:50:16Z,4.382605,50.819925,007t,1,6.963441952091077
158,7,2021-11-21T12:50:16Z,4.382605,50.819925,007t,2,4.049902373446871
158,7,2021-11-21T12:50:16Z,4.382605,50.819925,025t,1,6.963441952091077
158,7,2021-11-21T12:50:16Z,4.382605,50.819925,025t,2,4.049902373446871
159,7,2021-11-21T12:50:17Z,4.382427,50.81988,007t,1,6.738959718403242
159,7,2021-11-21T12:50:17Z,4.382427,50.81988,007t,2,3.8310406525549174
159,7,2021-11-21T12:50:17Z,4.382427,50.81988,025t,1,6.738959718403242
159,7,2021-11-21T12:50:17Z,4.382427,50.81988,025t,2,3.8310406525549174
160,7,2021-11-21T12:50:18Z,4.38225,50.819837,007t,1,6.579716635601508
160,7,2021-11-21T12:50:18Z,4.38225,50.819837,007t,2,3.6830045601065633
160,7,2021-11-21T12:50:18Z,4.38225,50.819837,025t,1,6.579716635601508
160,7,2021-11-21T12:50:18Z,4.38225,50.819837,025t,2,3.6830045601065633
161,7,2021-11-21T12:50:19Z,4.382074,50.819795,007t,1,6.500393874043838
161,7,2021-11-21T12:50:19Z,4.382074,50.819795,007t,2,3.6148009408836552
161,7,2021-11-21T12:50:19Z,4.382074,50.819795,025t,1,6.500393874043838
161,7,2021-11-21T12:50:19Z,4.382074,50.819795,025t,2,3.6148009408836552
162,7,2021-11-21T12:50:20Z,4.3819,50.819753,007t,1,6.384657447001724
162,7,2021-11-21T12:50:20Z,4.3819,50.819753,007t,2,3.416587284789061
162,7,2021-11-21T12:50:20Z,4.3819,50.819753,025t,1,6.384657447001724
162,7,2021-11-21T12:50:20Z,4.3819,50.819753,025t,2,3.416587284789061
163,7,2021-11-21T12:50:21Z,4.381727,50.819708,007t,1,6.2145477342021795
163,7,2021-11-21T12:50:21Z,4.381727,50.819708,007t,2,3.325404888541459
163,7,2021-11-21T12:50:21Z,4.381727,50.819708,025t,1,6.2145477342021795
163,7,2021-11-21T12:50:21Z,4.381727,50.819708,025t,2,3.325404888541459
164,7,2021-11-21T12:50:22Z,4.381558,50.819661,007t,1,6.26244075621032
164,7,2021-11-21T12:50:22Z,4.381558,50.819661,007t,2,3.3211740431993784
164,7,2021-11-21T12:50:22Z,4.381558,50.819661,025t,1,6.26244075621032
164,7,2021-11-21T12:50:22Z,4.381558,50.819661,025t,2,3.3211740431993784
165,7,2021-11-21T12:50:23Z,4.381387,50.819609,007t,1,6.459764579360078
165,7,2021-11-21T12:50:23Z,4.381387,50.819609,007t,2,3.510976452147005
165,7,2021-11-21T12:50:23Z,4.381387,50.819609,025t,1,6.459764579360078
165,7,2021-11-21T12:50:23Z,4.381387,50.819609,025t,2,3.510976452147005
166,7,2021-11-21T12:50:24Z,4.381222,50.819553,007t,1,6.56133653273267
166,7,2021-11-21T12:50:24Z,4.381222,50.819553,007t,2,3.5956680469788456
166,7,2021-11-21T12:50:24Z,4.381222,50.819553,025t,1,6.56133653273267
166,7,2021-11-21T12:50:24Z,4.381222,50.819553,025t,2,3.5956680469788456
167,7,2021-11-21T12:50:25Z,4.381067,50.819495,007t,1,6.585907174092429
167,7,2021-11-21T12:50:25Z,4.381067,50.819495,007t,2,3.689700823024132
167,7,2021-11-21T12:50:25Z,4.381067,50.819495,025t,1,6.585907174092429
167,7,2021-11-21T12:50:25Z,4.381067,50.819495,025t,2,3.689700823024132
168,7,2021-11-21T12:50:26Z,4.380919,50.819435,007t,1,6.783984429556123
168,7,2021-11-21T12:50:26Z,4.380919,50.819435,007t,2,3.8756537299747174
168,7,2021-11-21T12:50:26Z,4.380919,50.819435,025t,1,6.783984429556123
168,7,2021-11-21T12:50:26Z,4.380919,50.819435,025t,2,3.8756537299747174
169,7,2021-11-21T12:50:27Z,4.380774,50.819372,007t,1,7.0406792399994265
169,7,2021-11-21T12:50:27Z,4.380774,50.819372,007t,2,4.067032214843308
169,7,2021-11-21T12:50:27Z,4.380774,50.819372,025t,1,7.0406792399994265
169,7,2021-11-21T12:50:27Z,4.380774,50.819372,025t,2,4.067032214843308
170,7,2021-11-21T12:50:28Z,4.380644,50.819309,007t,1,7.184564747870151
170,7,2021-11-21T12:50:28Z,4.380644,50.819309,007t,2,4.08949925225317
170,7,2021-11-21T12:50:28Z,4.380644,50.819309,025t,1,7.184564747870151
170,7,2021-11-21T12:50:28Z,4.380644,50.819309,025t,2,4.08949925225317
171,7,2021-11-21T12:50:29Z,4.380526,50.819247,007t,1,7.187601563199627
171,7,2021-11-21T12:50:29Z,4.380526,50.819247,007t,2,3.9973829413691613
171,7,2021-11-21T12:50:29Z,4.380526,50.819247,025t,1,7.187601563199627
171,7,2021-11-21T12:50:29Z,4.380526,50.819247,025t,2,3.9973829413691613
172,7,2021-11-21T12:50:31Z,4.380338,50.819138,007t,1,7.047629573366365
172,7,2021-11-21T12:50:31Z,4.380338,50.819138,007t,2,3.876968665045166
172,7,2021-11-21T12:50:31Z,4.380338,50.819138,025t,1,7.047629573366365
172,7,2021-11-21T12:50:31Z,4.380338,50.819138,025t,2,3.876968665045166
173,7,2021-11-21T12:50:33Z,4.380211,50.819057,007t,1,7.022263593319278
173,7,2021-11-21T12:50:33Z,4.380211,50.819057,007t,2,4.026259001120564
173,7,2021-11-21T12:50:33Z,4.380211,50.819057,025t,1,7.022263593319278
173,7,2021-11-21T12:50:33Z,4.380211,50.819057,025t,2,4.026259001120564
174,7,2021-11-21T12:50:37Z,4.380127,50.818982,007t,1,5.560621505877752
174,7,2021-11-21T12:50:37Z,4.380127,50.818982,007t,2,2.681311876838339
174,7,2021-11-21T12:50:37Z,4.380127,50.818982,025t,1,5.560621505877752
174,7,2021-11-21T12:50:37Z,4.380127,50.818982,025t,2,2.681311876838339
175,7,2021-11-21T12:51:52Z,4.380006,50.818894,007t,1,5.516952893612001
175,7,2021-11-21T12:51:52Z,4.380006,50.818894,007t,2,2.692095993713201
175,7,2021-11-21T12:51:52Z,4.380006,50.818894,025t,1,5.516952893612001
175,7,2021-11-21T12:51:52Z,4.380006,50.818894,025t,2,2.692095993713201
176,7,2021-11-21T12:51:54Z,4.379871,50.818787,007t,1,5.355997707668339
176,7,2021-11-21T12:51:54Z,4.379871,50.818787,007t,2,2.492290602553808
176,7,2021-11-21T12:51:54Z,4.379871,50.818787,025t,1,5.355997707668339
176,7,2021-11-21T12:51:54Z,4.379871,50.818787,025t,2,2.492290602553808
177,7,2021-11-21T12:51:56Z,4.379725,50.818653,007t,1,4.76166080009219
177,7,2021-11-21T12:51:56Z,4.379725,50.818653,007t,2,1.8797729613336622
177,7,2021-11-21T12:51:56Z,4.379725,50.818653,025t,1,4.76166080009219
177,7,2021-11-21T12:51:56Z,4.379725,50.818653,025t,2,1.8797729613336622
178,7,2021-11-21T12:51:58Z,4.379594,50.81852,007t,1,4.036284466005962
178,7,2021-11-21T12:51:58Z,4.379594,50.81852,007t,2,0.9897758706898778
178,7,2021-11-21T12:51:58Z,4.379594,50.81852,025t,1,4.036284466005962
178,7,2021-11-21T12:51:58Z,4.379594,50.81852,025t,2,0.9897758706898778
179,7,2021-11-21T12:52:00Z,4.379492,50.818401,007t,1,2.8281316919634
179,7,2021-11-21T12:52:00Z,4.379492,50.818401,007t,2,0.07825701416756053
179,7,2021-11-21T12:52:00Z,4.379492,50.818401,025t,1,3.824304350785245
179,7,2021-11-21T12:52:00Z,4.379492,50.818401,025t,2,0.3569343164690861
179,7,2021-11-21T12:52:00Z,4.379492,50.818401,071b,2,7.323198691457975
179,7,2021-11-21T12:52:00Z,4.379492,50.818401,209b,2,7.323198691457975
180,7,2021-11-21T12:52:02Z,4.379405,50.818284,007t,1,1.3580112990564794
180,7,2021-11-21T12:52:02Z,4.379405,50.818284,007t,2,1.560341597043836
180,7,2021-11-21T12:52:02Z,4.379405,50.818284,025t,1,8.73014026588085
180,7,2021-11-21T12:52:02Z,4.379405,50.818284,025t,2,4.60338955383747
180,7,2021-11-21T12:52:02Z,4.379405,50.818284,071b,1,2.4381553101805777
180,7,2021-11-21T12:52:02Z,4.379405,50.818284,071b,2,5.455628014735654
180,7,2021-11-21T12:52:02Z,4.379405,50.818284,209b,1,2.4381553101805777
180,7,2021-11-21T12:52:02Z,4.379405,50.818284,209b,2,5.455628014735654
181,7,2021-11-21T12:52:04Z,4.379326,50.818175,007t,1,0.36683089171948907
181,7,2021-11-21T12:52:04Z,4.379326,50.818175,007t,2,2.582739276232427
181,7,2021-11-21T12:52:04Z,4.379326,50.818175,008t,2,5.706673369400675
182,7,2021-11-21T12:52:06Z,4.379255,50.818079,007t,1,0.27369085316800473
182,7,2021-11-21T12:52:06Z,4.379255,50.818079,007t,2,3.185367238128073
182,7,2021-11-21T12:52:06Z,4.379255,50.818079,008t,1,2.866996454809771
182,7,2021-11-21T12:52:06Z,4.379255,50.818079,008t,2,0.9836612338033676
183,7,2021-11-21T12:52:08Z,4.379185,50.817993,007t,1,0.45961926525469626
183,7,2021-11-21T12:52:08Z,4.379185,50.817993,007t,2,3.3528601300029055
183,7,2021-11-21T12:52:08Z,4.379185,50.817993,008t,1,0.15055500450374482
183,7,2021-11-21T12:52:08Z,4.379185,50.817993,008t,2,3.1252395148219967
184,7,2021-11-21T12:52:11Z,4.379093,50.81788,007t,1,0.6379285923156286
184,7,2021-11-21T12:52:11Z,4.379093,50.81788,007t,2,3.5824563464102988
184,7,2021-11-21T12:52:11Z,4.379093,50.81788,008t,1,0.6379285923156286
184,7,2021-11-21T12:52:11Z,4.379093,50.81788,008t,2,3.5824563464102988
185,7,2021-11-21T12:52:13Z,4.379021,50.817791,007t,1,0.8373391993975547
185,7,2021-11-21T12:52:13Z,4.379021,50.817791,007t,2,3.798729715648783
185,7,2021-11-21T12:52:13Z,4.379021,50.817791,008t,1,0.8373391993975547
185,7,2021-11-21T12:52:13Z,4.379021,50.817791,008t,2,3.798729715648783
186,7,2021-11-21T12:52:15Z,4.378945,50.817696,007t,1,1.140684833715742
186,7,2021-11-21T12:52:15Z,4.378945,50.817696,007t,2,4.082571305038408
186,7,2021-11-21T12:52:15Z,4.378945,50.817696,008t,1,1.140684833715742
186,7,2021-11-21T12:52:15Z,4.378945,50.817696,008t,2,4.082571305038408
187,7,2021-11-21T12:52:17Z,4.378862,50.817594,007t,1,1.3795273530764638
187,7,2021-11-21T12:52:17Z,4.378862,50.817594,007t,2,4.291934013137549
187,7,2021-11-21T12:52:17Z,4.378862,50.817594,008t,1,1.3795273530764638
187,7,2021-11-21T12:52:17Z,4.378862,50.817594,008t,2,4.291934013137549
188,7,2021-11-21T12:52:19Z,4.378774,50.817485,007t,1,1.609566178242423
188,7,2021-11-21T12:52:19Z,4.378774,50.817485,007t,2,4.546348118059875
188,7,2021-11-21T12:52:19Z,4.378774,50.817485,008t,1,1.609566178242423
188,7,2021-11-21T12:52:19Z,4.378774,50.817485,008t,2,4.546348118059875
189,7,2021-11-21T12:52:21Z,4.378682,50.817376,007t,1,1.6056663883845803
189,7,2021-11-21T12:52:21Z,4.378682,50.817376,007t,2,4.5519487514708095
189,7,2021-11-21T12:52:21Z,4.378682,50.817376,008t,1,1.6056663883845803
189,7,2021-11-21T12:52:21Z,4.378682,50.817376,008t,2,4.5519487514708095
190,7,2021-11-21T12:52:23Z,4.378604,50.81728,007t,1,1.8089980735353077
190,7,2021-11-21T12:52:23Z,4.378604,50.81728,007t,2,4.743587175048237
190,7,2021-11-21T12:52:23Z,4.378604,50.81728,008t,1,1.8089980735353077
190,7,2021-11-21T12:52:23Z,4.378604,50.81728,008t,2,4.743587175048237
191,7,2021-11-21T12:52:25Z,4.378529,50.817173,007t,1,2.7769482068590214
191,7,2021-11-21T12:52:25Z,4.378529,50.817173,007t,2,5.708517000163265
191,7,2021-11-21T12:52:25Z,4.378529,50.817173,008t,1,2.7769482068590214
191,7,2021-11-21T12:52:25Z,4.378529,50.817173,008t,2,5.708517000163265
192,7,2021-11-21T12:52:27Z,4.378472,50.817087,007t,1,3.758628855204856
192,7,2021-11-21T12:52:27Z,4.378472,50.817087,007t,2,6.693448187671507
192,7,2021-11-21T12:52:27Z,4.378472,50.817087,008t,1,3.758628855204856
192,7,2021-11-21T12:52:27Z,4.378472,50.817087,008t,2,6.693448187671507
193,7,2021-11-21T12:52:30Z,4.378359,50.816969,007t,1,2.9449669894268897
193,7,2021-11-21T12:52:30Z,4.378359,50.816969,007t,2,5.884611135604221
193,7,2021-11-21T12:52:30Z,4.378359,50.816969,008t,1,2.9449669894268897
193,7,2021-11-21T12:52:30Z,4.378359,50.816969,008t,2,5.884611135604221
194,7,2021-11-21T12:52:32Z,4.378258,50.816855,007t,1,2.6661967810323275
194,7,2021-11-21T12:52:32Z,4.378258,50.816855,007t,2,5.610416535760149
194,7,2021-11-21T12:52:32Z,4.378258,50.816855,008t,1,2.6661967810323275
194,7,2021-11-21T12:52:32Z,4.378258,50.816855,008t,2,5.610416535760149
