"Line","Variance","Speed average","EndTime","From (lat)","From (lon)","To (lat)","To (lon)"
1,0,26.629621388147548,"24",50.848999,4.320948,50.853386,4.322974
1,0,42.28906223037176,"24",50.857125,4.333143,50.854705,4.340542
1,0,26.673333788896464,"24",50.854705,4.340542,50.8519,4.348012
1,0,23.073841042903197,"24",50.8519,4.348012,50.849821,4.352486
1,0,36.89871010056332,"24",50.849821,4.352486,50.846349,4.358776
1,0,30.522787832931456,"24",50.846349,4.358776,50.845688,4.362979
1,0,34.59617724442643,"24",50.845688,4.362979,50.845333,4.36962
1,0,50.247074339415335,"24",50.845333,4.36962,50.843654,4.377588
1,0,26.729405176944375,"24",50.843654,4.377588,50.842756,4.381829
1,0,39.13355155575096,"24",50.839364,4.398281,50.837806,4.407955
1,0,30.473756505375402,"24",50.837806,4.407955,50.840527,4.414051
1,0,30.28625068947059,"24",50.840527,4.414051,50.842594,4.418967
1,0,35.372708076941834,"24",50.842594,4.418967,50.844833,4.426369
1,0,71.8629993288735,"24",50.844833,4.426369,50.847552,4.436102
1,0,35.45223075314517,"24",50.847552,4.436102,50.847439,4.447303
1,0,46.64414392615381,"24",50.847439,4.447303,50.849991,4.4534
1,0,30.263082831204223,"24",50.849991,4.4534,50.848478,4.458929
1,0,39.982447179007266,"24",50.848478,4.458929,50.841872,4.464541
1,1,46.187900346354695,"24",50.841872,4.464541,50.848796,4.458719
1,1,29.593570317724875,"24",50.848796,4.458719,50.84988,4.453149
1,1,48.13542017149822,"24",50.84988,4.453149,50.847387,4.446705
1,1,44.556898667546434,"24",50.847387,4.446705,50.84753,4.435656
1,1,80.56975385833672,"24",50.84753,4.435656,50.844316,4.425819
1,1,36.98471653386017,"24",50.844316,4.425819,50.842506,4.418288
1,1,42.09194805703165,"24",50.842506,4.418288,50.840366,4.413792
1,1,51.77591960652292,"24",50.840366,4.413792,50.837822,4.407364
1,1,42.9332046162495,"24",50.837822,4.407364,50.839534,4.397696
1,1,21.596577084259266,"24",50.842972,4.380974,50.84379,4.377084
1,1,38.12693382020118,"24",50.84379,4.377084,50.845476,4.369121
1,1,36.95621799066795,"24",50.845476,4.369121,50.845628,4.362431
1,1,25.379194411533188,"24",50.845628,4.362431,50.846679,4.358551
1,1,45.070006887724546,"24",50.846679,4.358551,50.850095,4.352165
1,1,24.194334915198194,"24",50.850095,4.352165,50.852347,4.347749
1,1,31.53292354138197,"24",50.852347,4.347749,50.854968,4.340056
1,1,63.466083436521615,"24",50.854968,4.340056,50.857096,4.332019
1,1,38.888448377174875,"24",50.857096,4.332019,50.853111,4.322763
2,0,37.97959346836703,"24",50.86312,4.330479,50.85685,4.325246
2,0,23.446760991127796,"24",50.85685,4.325246,50.85335,4.323113
2,0,32.62689584777786,"24",50.85335,4.323113,50.848922,4.321442
2,0,30.420651897186442,"24",50.848922,4.321442,50.844982,4.324744
2,0,33.13123046007541,"24",50.844982,4.324744,50.84069,4.331467
2,0,33.96586672098774,"24",50.84069,4.331467,50.836258,4.33847
2,0,29.045716364344727,"24",50.836258,4.33847,50.833713,4.343513
2,0,29.810473290127756,"24",50.833713,4.343513,50.833309,4.349219
2,0,33.601908667428575,"24",50.833309,4.349219,50.835176,4.354622
2,0,32.810223208556806,"24",50.835176,4.354622,50.838185,4.361699
2,0,25.837793068449002,"24",50.838185,4.361699,50.841001,4.366499
2,0,37.51634524398157,"24",50.841001,4.366499,50.845585,4.368867
2,0,33.37137310181346,"24",50.845585,4.368867,50.84993,4.369164
2,0,32.97514430740423,"24",50.84993,4.369164,50.854102,4.365272
2,0,35.29217999890609,"24",50.854102,4.365272,50.85556,4.358317
2,0,32.745682009208096,"24",50.85556,4.358317,50.857321,4.351197
2,0,40.997594027384324,"24",50.857321,4.351197,50.860515,4.339486
2,0,25.686337802618752,"24",50.860515,4.339486,50.863138,4.330743
2,1,33.742715664762684,"24",50.862878,4.331367,50.860406,4.339753
2,1,34.08982372047555,"24",50.860406,4.339753,50.857225,4.351502
2,1,30.07375078586511,"24",50.857225,4.351502,50.855412,4.358416
2,1,28.940734335800403,"24",50.855412,4.358416,50.85399,4.365557
2,1,32.363136218473414,"24",50.85399,4.365557,50.849728,4.369174
2,1,30.581900122259828,"24",50.849728,4.369174,50.84544,4.368744
2,1,39.51152080686556,"24",50.84544,4.368744,50.840813,4.366354
2,1,25.50171081189594,"24",50.840813,4.366354,50.838034,4.361263
2,1,34.18002356252692,"24",50.838034,4.361263,50.835074,4.354268
2,1,31.495692056371517,"24",50.835074,4.354268,50.833236,4.348603
2,1,23.451786562918777,"24",50.833236,4.348603,50.833944,4.343071
2,1,26.413471067228052,"24",50.833944,4.343071,50.836273,4.338161
2,1,30.950736350329475,"24",50.836273,4.338161,50.84082,4.331202
2,1,33.541984708684,"24",50.84082,4.331202,50.845157,4.324325
2,1,26.326330205470082,"24",50.845157,4.324325,50.849014,4.32149
2,1,28.09994366942454,"24",50.849014,4.32149,50.853428,4.322773
2,1,35.814382650957896,"24",50.853428,4.322773,50.857115,4.325218
2,1,40.58770235435959,"24",50.857115,4.325218,50.863646,4.330849
3,0,16.171768661038417,"24",50.900108,4.348126,50.895098,4.357463
3,0,30.04206598968302,"24",50.860053,4.359662,50.855635,4.35804
3,0,34.59530866620865,"24",50.855635,4.35804,50.851494,4.352876
3,0,29.038789215845338,"24",50.851494,4.352876,50.847772,4.348972
3,0,27.971452752189027,"24",50.847772,4.348972,50.844184,4.345254
3,0,31.929313876494547,"24",50.829721,4.346537,50.825702,4.34549
3,0,23.792647106853227,"24",50.825702,4.34549,50.82109,4.343888
3,1,14.348380523843858,"24",50.814348,4.34751,50.818079,4.346047
3,1,15.56147763886433,"24",50.818079,4.346047,50.822303,4.343561
3,1,32.57619833543897,"24",50.822303,4.343561,50.826043,4.345887
3,1,26.059537498591464,"24",50.832821,4.342903,50.836586,4.337506
3,1,26.56127729265662,"24",50.840399,4.341408,50.84449,4.345736
3,1,36.85196146153149,"24",50.84449,4.345736,50.848086,4.349455
3,1,22.29098138377527,"24",50.848086,4.349455,50.851746,4.353415
3,1,29.80524500123654,"24",50.851746,4.353415,50.855933,4.358494
3,1,22.81503657592516,"24",50.855933,4.358494,50.860718,4.3605
3,1,21.201286000472575,"24",50.860718,4.3605,50.867047,4.363752
3,1,7.075642562764532,"24",50.867047,4.363752,50.868934,4.362772
3,1,17.59451047085626,"24",50.868934,4.362772,50.871164,4.361237
3,1,17.78826461066619,"24",50.871164,4.361237,50.874909,4.363098
3,1,25.832881796876894,"24",50.874909,4.363098,50.879578,4.371271
3,1,16.485344194897024,"24",50.879578,4.371271,50.881268,4.373598
3,1,20.697572827886596,"24",50.881268,4.373598,50.88881,4.374978
3,1,32.41974967019536,"24",50.88881,4.374978,50.891543,4.368341
3,1,18.412721722982347,"24",50.891543,4.368341,50.8937,4.362556
3,1,20.57893738914496,"24",50.8937,4.362556,50.895399,4.356785
3,1,24.509612218320456,"24",50.895399,4.356785,50.900459,4.348084
4,0,17.57569745561645,"24",50.847772,4.348972,50.844184,4.345254
4,0,19.769326671115383,"24",50.840084,4.341039,50.836353,4.338259
4,0,23.398034345424172,"24",50.825702,4.34549,50.82109,4.343888
4,0,16.453549296978483,"24",50.82109,4.343888,50.817656,4.34616
4,0,20.633193728296348,"24",50.817656,4.34616,50.812915,4.34744
4,0,16.62673751614437,"24",50.812915,4.34744,50.809808,4.345455
4,0,21.700658459776665,"24",50.809808,4.345455,50.80664,4.343477
4,0,11.17630223506655,"24",50.80664,4.343477,50.803308,4.341358
4,0,12.731299855637834,"24",50.803308,4.341358,50.800544,4.33711
4,0,22.534484531164722,"24",50.800544,4.33711,50.796742,4.32905
4,0,44.180360721442916,"24",50.796742,4.32905,50.796318,4.323759
4,0,12.307767150524747,"24",50.795961,4.32017,50.794434,4.319624
4,1,17.393427362723465,"24",50.795271,4.318735,50.79593,4.320966
4,1,16.689602235229643,"24",50.79593,4.320966,50.796219,4.324185
4,1,21.79020456904189,"24",50.796219,4.324185,50.796823,4.329475
4,1,21.247217592517686,"24",50.796823,4.329475,50.800687,4.337586
4,1,11.026519244730258,"24",50.800687,4.337586,50.803658,4.341653
4,1,8.002816713776644,"24",50.803658,4.341653,50.807578,4.344131
4,1,15.945644195479998,"24",50.810843,4.346215,50.814348,4.34751
4,1,11.400386444293938,"24",50.814348,4.34751,50.818079,4.346047
4,1,25.682281761344047,"24",50.818079,4.346047,50.822303,4.343561
4,1,34.71821208632108,"24",50.822303,4.343561,50.826043,4.345887
4,1,21.317389642213833,"24",50.826043,4.345887,50.829944,4.346011
4,1,23.428726793011368,"24",50.829944,4.346011,50.832821,4.342903
4,1,22.197418375094927,"24",50.832821,4.342903,50.836586,4.337506
4,1,16.55445499350136,"24",50.836586,4.337506,50.840399,4.341408
4,1,21.139976792215514,"24",50.840399,4.341408,50.84449,4.345736
4,1,17.923728813559336,"24",50.84449,4.345736,50.848086,4.349455
4,1,19.05759092711894,"24",50.848086,4.349455,50.851746,4.353415
4,1,21.827923102718955,"24",50.851746,4.353415,50.855933,4.358494
4,1,18.440387127682648,"24",50.855933,4.358494,50.860718,4.3605
5,0,58.73209297879275,"24",50.816504,4.281547,50.816451,4.290203
5,0,31.92895352939848,"24",50.816451,4.290203,50.821263,4.294043
5,0,40.05213106109087,"24",50.821263,4.294043,50.825167,4.297643
5,0,37.23383968252395,"24",50.825167,4.297643,50.829611,4.300732
5,0,35.400516924156584,"24",50.829611,4.300732,50.834929,4.305315
5,0,62.695620030392945,"24",50.834929,4.305315,50.839675,4.312518
5,0,33.388535574840965,"24",50.839675,4.312518,50.84399,4.318169
5,0,96.35347793174054,"24",50.84399,4.318169,50.848979,4.321096
5,0,26.284186459208367,"24",50.848979,4.321096,50.853386,4.322974
5,0,33.52452374060261,"24",50.857125,4.333143,50.854705,4.340542
5,0,30.379809407336243,"24",50.854705,4.340542,50.8519,4.348012
5,0,25.181208617034844,"24",50.8519,4.348012,50.849821,4.352486
5,0,33.926052859526614,"24",50.849821,4.352486,50.846349,4.358776
5,0,26.001275833633493,"24",50.846349,4.358776,50.845688,4.362979
5,0,27.777374486088934,"24",50.845688,4.362979,50.845333,4.36962
5,0,61.87557428556503,"24",50.845333,4.36962,50.843654,4.377588
5,0,25.57658583133438,"24",50.843654,4.377588,50.842756,4.381829
5,0,38.018919684297785,"24",50.839364,4.398281,50.833128,4.401864
5,0,65.61677635819535,"24",50.833128,4.401864,50.827461,4.403987
5,0,41.4027072538712,"24",50.827461,4.403987,50.820888,4.405382
5,0,28.53545149824458,"24",50.820888,4.405382,50.818202,4.404056
5,0,35.81857351362007,"24",50.818202,4.404056,50.81505,4.409977
5,0,43.20392029097918,"24",50.81505,4.409977,50.813192,4.42192
5,0,54.63468385719652,"24",50.813192,4.42192,50.812243,4.429236
5,1,47.62068570967714,"24",50.812195,4.428503,50.813545,4.421005
5,1,57.2432786326464,"24",50.813545,4.421005,50.815128,4.409347
5,1,40.75217093114813,"24",50.815128,4.409347,50.818685,4.404406
5,1,28.617450769689242,"24",50.818685,4.404406,50.821592,4.405618
5,1,41.35842809818836,"24",50.821592,4.405618,50.827929,4.403859
5,1,76.63768295929664,"24",50.827929,4.403859,50.83369,4.401677
5,1,39.446398019062535,"24",50.83369,4.401677,50.839534,4.397696
5,1,20.36203479402335,"24",50.842972,4.380974,50.84379,4.377084
5,1,40.605277730394256,"24",50.84379,4.377084,50.845476,4.369121
5,1,27.18825619709995,"24",50.845476,4.369121,50.845628,4.362431
5,1,34.15010047854165,"24",50.845628,4.362431,50.846679,4.358551
5,1,51.83391276406233,"24",50.846679,4.358551,50.850095,4.352165
5,1,23.78135585183501,"24",50.850095,4.352165,50.852347,4.347749
5,1,36.86554815994287,"24",50.852347,4.347749,50.854968,4.340056
5,1,64.30927785556426,"24",50.854968,4.340056,50.857096,4.332019
5,1,49.90184849137268,"24",50.857096,4.332019,50.853111,4.322763
5,1,36.27271566575244,"24",50.853111,4.322763,50.848584,4.320673
5,1,38.76764734354008,"24",50.848584,4.320673,50.843785,4.318032
5,1,34.48870824428154,"24",50.843785,4.318032,50.839462,4.312081
5,1,52.31550925742686,"24",50.839462,4.312081,50.834649,4.305052
5,1,67.90562630302885,"24",50.834649,4.305052,50.829391,4.300578
5,1,40.66366041446403,"24",50.829391,4.300578,50.824934,4.297078
5,1,59.59124038166689,"24",50.824934,4.297078,50.82092,4.293693
5,1,36.93445080731879,"24",50.82092,4.293693,50.816162,4.289054
5,1,41.739332453065074,"24",50.816162,4.289054,50.816767,4.280609
6,0,51.77785294807148,"24",50.89646,4.327959,50.897198,4.335515
6,0,32.900058123023555,"24",50.8896,4.337736,50.88564,4.342738
6,0,38.93474156083604,"24",50.88564,4.342738,50.879152,4.347993
6,0,37.451914455475745,"24",50.879152,4.347993,50.873614,4.343137
6,0,45.39560710625505,"24",50.873614,4.343137,50.868474,4.336964
6,0,39.449020252121606,"24",50.868474,4.336964,50.86312,4.330479
6,0,38.72757073737575,"24",50.86312,4.330479,50.85685,4.325246
6,0,24.20763946960221,"24",50.85685,4.325246,50.85335,4.323113
6,0,37.67864461545507,"24",50.85335,4.323113,50.848922,4.321442
6,0,29.354588881775168,"24",50.848922,4.321442,50.844982,4.324744
6,0,31.07730706920224,"24",50.844982,4.324744,50.84069,4.331467
6,0,32.02660541822248,"24",50.84069,4.331467,50.836258,4.33847
6,0,28.472848496714377,"24",50.836258,4.33847,50.833713,4.343513
6,0,25.775245938145794,"24",50.833713,4.343513,50.833309,4.349219
6,0,27.418777516297254,"24",50.833309,4.349219,50.835176,4.354622
6,0,33.31876493442968,"24",50.835176,4.354622,50.838185,4.361699
6,0,29.32256925651022,"24",50.838185,4.361699,50.841001,4.366499
6,0,37.967867118085145,"24",50.841001,4.366499,50.845585,4.368867
6,0,28.138932198557423,"24",50.845585,4.368867,50.84993,4.369164
6,0,32.53372174557264,"24",50.84993,4.369164,50.854102,4.365272
6,0,38.190337563296,"24",50.854102,4.365272,50.85556,4.358317
6,0,31.61242872338022,"24",50.85556,4.358317,50.857321,4.351197
6,0,33.72520010004999,"24",50.857321,4.351197,50.860515,4.339486
6,0,26.277956954706053,"24",50.860515,4.339486,50.863138,4.330743
7,0,16.093580259863852,"24",50.813378,4.348149,50.812039,4.353087
7,0,9.321003369524524,"24",50.812039,4.353087,50.811841,4.354222
7,0,9.072153700202932,"24",50.811841,4.354222,50.81168,4.355358
7,0,13.121725813091805,"24",50.81168,4.355358,50.811401,4.358465
7,0,19.337151898313994,"24",50.811401,4.358465,50.811455,4.363275
7,0,22.599989083921514,"24",50.811455,4.363275,50.811977,4.367858
7,0,12.710877314027883,"24",50.811977,4.367858,50.81506,4.368552
7,0,23.982153459694025,"24",50.81506,4.368552,50.815564,4.37176
7,0,4.406979262097109,"24",50.819024,4.380329,50.819997,4.383243
7,0,14.41410232013368,"24",50.819997,4.383243,50.822385,4.389373
7,0,22.21821659193778,"24",50.822385,4.389373,50.824739,4.394029
7,0,25.745761257711234,"24",50.824739,4.394029,50.826578,4.397745
7,0,23.09566007059571,"24",50.826578,4.397745,50.829546,4.402804
7,0,25.158923174141517,"24",50.829546,4.402804,50.833663,4.405561
7,0,30.448695155732878,"24",50.833663,4.405561,50.837555,4.407424
7,0,30.837935507202747,"24",50.837555,4.407424,50.843896,4.405406
7,0,37.012881849357434,"24",50.843896,4.405406,50.849394,4.402198
7,0,21.83359403799516,"24",50.849394,4.402198,50.854907,4.398704
7,0,12.958917137584939,"24",50.854907,4.398704,50.857047,4.397456
7,0,19.16421006769063,"24",50.857047,4.397456,50.861129,4.391336
7,0,28.61620533799607,"24",50.861129,4.391336,50.863513,4.385826
7,0,9.488753743092698,"24",50.866749,4.385387,50.868933,4.384692
7,0,25.560153861027402,"24",50.868933,4.384692,50.872251,4.379834
7,0,12.976044853972192,"24",50.872251,4.379834,50.873267,4.377632
7,0,23.06572383443023,"24",50.873267,4.377632,50.879569,4.374806
7,0,9.998937133954687,"24",50.879569,4.374806,50.881268,4.373598
7,0,18.51719490684811,"24",50.881268,4.373598,50.88881,4.374978
7,0,21.448902957217953,"24",50.88881,4.374978,50.891543,4.368341
7,0,18.71939064483578,"24",50.891543,4.368341,50.8937,4.362556
7,0,24.69942870208437,"24",50.8937,4.362556,50.895399,4.356785
7,0,22.792475945430024,"24",50.895399,4.356785,50.890848,4.344463
7,0,19.89176671366384,"24",50.890848,4.344463,50.896804,4.337345
7,1,26.060018848303645,"24",50.888468,4.375248,50.881583,4.3733
7,1,13.265535847387794,"24",50.881583,4.3733,50.879173,4.374834
8,0,12.404621986275133,"24",50.835673,4.355167,50.832985,4.357751
8,0,16.77656808044024,"24",50.832985,4.357751,50.828607,4.36228
8,0,8.868369382799024,"24",50.828607,4.36228,50.826837,4.364068
8,0,19.632073993043353,"24",50.826837,4.364068,50.82298,4.368042
8,0,21.4334102148095,"24",50.82298,4.368042,50.818926,4.370739
8,0,17.47196378679192,"24",50.818926,4.370739,50.815959,4.371874
8,0,14.357063782980893,"24",50.815959,4.371874,50.816489,4.377479
8,0,8.630213439587399,"24",50.816489,4.377479,50.817442,4.380672
8,0,20.66740478111051,"24",50.817442,4.380672,50.814061,4.384119
8,0,25.708897915276868,"24",50.814061,4.384119,50.810501,4.385849
8,0,21.014663084882944,"24",50.810501,4.385849,50.806384,4.387635
8,0,20.895668993082303,"24",50.806384,4.387635,50.802634,4.390584
8,0,17.988857808871085,"24",50.802634,4.390584,50.801169,4.393449
8,0,16.62873538582585,"24",50.801169,4.393449,50.796898,4.397475
8,0,16.286811527015516,"24",50.796898,4.397475,50.796294,4.401659
8,0,21.758135034701446,"24",50.796294,4.401659,50.795447,4.407814
8,0,23.652458055751104,"24",50.795447,4.407814,50.795733,4.413573
8,0,17.507948320409074,"24",50.795733,4.413573,50.798194,4.418753
8,0,25.834213322449845,"24",50.798194,4.418753,50.801015,4.422699
8,0,30.402609574229547,"24",50.801015,4.422699,50.805085,4.426719
8,0,21.421396722295093,"24",50.805085,4.426719,50.80913,4.427589
8,0,22.503796798999016,"24",50.80913,4.427589,50.811881,4.42782
8,0,21.490861623602054,"24",50.811881,4.42782,50.816286,4.426179
8,0,31.423320078094434,"24",50.816286,4.426179,50.819305,4.429092
8,0,19.40153203983521,"24",50.824976,4.431867,50.832329,4.432587
8,0,22.066560234653245,"24",50.832329,4.432587,50.837131,4.435076
8,0,17.786302588823393,"24",50.837131,4.435076,50.840564,4.436723
8,0,17.01720840523802,"24",50.840564,4.436723,50.844597,4.438395
8,0,6.973655673101434,"24",50.844597,4.438395,50.847523,4.436331
8,1,55.228275583511014,"24",50.847593,4.4369,50.844246,4.438232
8,1,21.15132298570147,"24",50.844246,4.438232,50.839505,4.435861
8,1,15.10515865873358,"24",50.839505,4.435861,50.836827,4.434906
8,1,18.753033601590637,"24",50.836827,4.434906,50.83142,4.432911
8,1,24.07133407897912,"24",50.819207,4.428652,50.815981,4.425924
8,1,14.465209872087165,"24",50.815981,4.425924,50.811647,4.427621
8,1,27.213846189202815,"24",50.811647,4.427621,50.808321,4.427177
8,1,20.31014871813369,"24",50.808321,4.427177,50.804852,4.426364
8,1,29.29285524345344,"24",50.804852,4.426364,50.800907,4.422359
8,1,19.881853878143943,"24",50.800907,4.422359,50.79814,4.418256
8,1,27.24178569056002,"24",50.796555,4.400212,50.797015,4.397063
8,1,13.69533242540551,"24",50.801438,4.393009,50.802859,4.390385
8,1,18.641534693355787,"24",50.806653,4.387677,50.810834,4.385835
8,1,16.008152368432572,"24",50.810834,4.385835,50.813657,4.384332
8,1,25.48400213304898,"24",50.813657,4.384332,50.8155,4.383566
8,1,7.620341905440321,"24",50.81742,4.378614,50.816372,4.376301
8,1,15.271924077102588,"24",50.816372,4.376301,50.816346,4.371817
8,1,17.956028647887237,"24",50.816346,4.371817,50.819834,4.370512
8,1,17.298569001056347,"24",50.819834,4.370512,50.824108,4.366996
8,1,13.348431852965255,"24",50.824108,4.366996,50.827628,4.363358
8,1,16.715488048102248,"24",50.827628,4.363358,50.829416,4.361541
8,1,20.946975013967812,"24",50.829416,4.361541,50.833183,4.357651
8,1,13.80534134734577,"24",50.833183,4.357651,50.835888,4.355039
9,0,48.81306538770386,"24",50.863666,4.329612,50.868309,4.326364
9,0,19.599987619165532,"24",50.868309,4.326364,50.871221,4.324418
9,0,16.196433547430004,"24",50.871221,4.324418,50.873981,4.322561
9,0,18.531589766338957,"24",50.873981,4.322561,50.876295,4.318299
9,0,17.41753208136107,"24",50.876295,4.318299,50.880061,4.315951
9,0,25.269061683908106,"24",50.880061,4.315951,50.885472,4.316281
9,0,21.832759318976738,"24",50.885472,4.316281,50.886652,4.311336
9,0,23.01893184480251,"24",50.886652,4.311336,50.890081,4.309188
9,0,22.522542460825694,"24",50.890081,4.309188,50.892997,4.315058
9,1,31.201655692390403,"24",50.892923,4.31296,50.889498,4.309422
9,1,14.715492662912647,"24",50.889498,4.309422,50.88634,4.311669
9,1,15.152112103568436,"24",50.88634,4.311669,50.885354,4.316858
9,1,23.623035822907603,"24",50.875999,4.318701,50.873581,4.322738
9,1,16.267164070872045,"24",50.867911,4.326561,50.863418,4.330031
12,0,49.63702945544714,"24",50.898149,4.481761,50.87815,4.430334
12,0,18.425998262355993,"24",50.843149,4.383818,50.839431,4.37338
12,0,16.91347250525789,"24",50.839431,4.37338,50.840537,4.366324
12,0,8.79304299349341,"24",50.840537,4.366324,50.841848,4.364842
13,0,36.84129851481439,"24",50.857072,4.332195,50.85886,4.330205
13,0,12.269315308151096,"24",50.85886,4.330205,50.860479,4.331823
13,0,8.427409803166183,"24",50.860479,4.331823,50.863355,4.330671
13,0,25.252808089694685,"24",50.863355,4.330671,50.865494,4.327473
13,0,23.20548658724422,"24",50.865494,4.327473,50.867019,4.321136
13,0,10.230018712079685,"24",50.867019,4.321136,50.86909,4.316014
13,0,17.031379579440237,"24",50.86909,4.316014,50.872616,4.313103
13,0,23.01072606748555,"24",50.872616,4.313103,50.874242,4.310189
14,0,20.45790784557908,"24",50.896824,4.336515,50.89684,4.329706
14,0,10.020010370306379,"24",50.884911,4.329588,50.882853,4.330882
14,0,15.505907386557325,"24",50.880228,4.330089,50.878658,4.332538
14,0,17.531332548190434,"24",50.878658,4.332538,50.876435,4.330532
14,0,24.32002544731612,"24",50.876435,4.330532,50.873068,4.328469
14,0,14.103449009036332,"24",50.867474,4.336065,50.865946,4.338822
14,0,16.970550751024128,"24",50.865946,4.338822,50.86406,4.344122
14,0,16.584324116415267,"24",50.86406,4.344122,50.863306,4.349156
14,0,15.929170359954586,"24",50.863306,4.349156,50.865086,4.35111
14,0,10.23828869831837,"24",50.865086,4.35111,50.863306,4.353795
14,0,12.636686441878181,"24",50.861176,4.355358,50.860385,4.358895
14,1,11.719658760663728,"24",50.860915,4.358355,50.861527,4.355557
14,1,28.899368896565477,"24",50.864968,4.350239,50.863018,4.348724
14,1,29.63435174427729,"24",50.866198,4.33841,50.867752,4.335611
14,1,11.46189250307122,"24",50.879096,4.332662,50.880128,4.330471
14,1,16.035712208178246,"24",50.880128,4.330471,50.882386,4.331153
14,1,10.137153088630267,"24",50.882386,4.331153,50.884726,4.330214
14,1,21.570655270655248,"24",50.885545,4.316271,50.886729,4.311452
14,1,21.052646578452347,"24",50.886729,4.311452,50.889696,4.309404
14,1,26.576411266296912,"24",50.889696,4.309404,50.893066,4.313506
14,1,18.394025400209053,"24",50.893066,4.313506,50.893633,4.320188
14,1,24.7222360964365,"24",50.893633,4.320188,50.893864,4.326169
14,1,15.556014361716105,"24",50.893864,4.326169,50.896021,4.327105
14,1,28.74522910700337,"24",50.896813,4.329876,50.896429,4.335858
17,0,11.18831092484782,"24",50.815413,4.408214,50.814776,4.403204
17,0,23.52388796366389,"24",50.799796,4.414442,50.798535,4.419065
19,0,31.650642675054748,"24",50.866952,4.281744,50.86665,4.287285
19,0,23.422671623613873,"24",50.86665,4.287285,50.865323,4.292571
19,0,17.708061340342898,"24",50.865323,4.292571,50.864418,4.29709
19,0,21.226765548266368,"24",50.864418,4.29709,50.866292,4.303465
19,0,22.5067794652935,"24",50.866292,4.303465,50.866879,4.310144
19,0,18.447790925084714,"24",50.866879,4.310144,50.866675,4.314886
19,0,24.082940055407413,"24",50.866675,4.314886,50.865427,4.318808
19,0,19.72018957755298,"24",50.865427,4.318808,50.863488,4.325287
19,0,9.939799638609705,"24",50.863488,4.325287,50.863732,4.329236
19,0,16.738982616316473,"24",50.863732,4.329236,50.868309,4.326364
19,0,20.181932207633572,"24",50.868309,4.326364,50.871221,4.324418
19,0,11.6774102377024,"24",50.871221,4.324418,50.87363,4.326041
19,0,13.687929916301318,"24",50.87363,4.326041,50.87656,4.328088
19,0,22.694376794134648,"24",50.87656,4.328088,50.880128,4.330471
19,0,9.955129772912905,"24",50.880128,4.330471,50.879303,4.333713
19,0,15.980724968220102,"24",50.879303,4.333713,50.882612,4.335615
19,0,22.631594100918534,"24",50.882612,4.335615,50.884725,4.338981
19,0,14.388254914740575,"24",50.884725,4.338981,50.886389,4.342476
19,0,16.9094165176919,"24",50.886389,4.342476,50.890867,4.346055
19,0,21.585549778059608,"24",50.890867,4.346055,50.895282,4.355491
19,1,11.340431046100575,"24",50.882189,4.335515,50.879699,4.334494
19,1,10.051113669198138,"24",50.879699,4.334494,50.880237,4.330089
19,1,16.695055290338463,"24",50.880237,4.330089,50.876767,4.328131
19,1,19.890247932141676,"24",50.876767,4.328131,50.873287,4.325704
19,1,10.175675161054873,"24",50.873287,4.325704,50.870847,4.324577
19,1,20.803859671960428,"24",50.870847,4.324577,50.867911,4.326561
19,1,16.0473615023474,"24",50.865561,4.318406,50.867115,4.313479
19,1,17.66128315519125,"24",50.867115,4.313479,50.866834,4.308323
19,1,21.14866899325497,"24",50.866834,4.308323,50.866256,4.303153
19,1,26.882017078167763,"24",50.866256,4.303153,50.864364,4.296721
19,1,16.52199575557344,"24",50.864364,4.296721,50.865279,4.292912
19,1,21.66540347635777,"24",50.865279,4.292912,50.866731,4.286858
19,1,20.598902578822642,"24",50.866731,4.286858,50.867042,4.281318
20,0,8.068881845536628,"24",50.863306,4.349156,50.865086,4.35111
20,0,13.52188640246346,"24",50.865086,4.35111,50.863306,4.353795
20,0,13.811389741341497,"24",50.863306,4.353795,50.861176,4.355358
20,1,14.434706886579818,"24",50.86008,4.360273,50.860826,4.358739
20,1,9.14210577036331,"24",50.860826,4.358739,50.861527,4.355557
20,1,15.49676125838623,"24",50.861527,4.355557,50.863315,4.354037
20,1,16.515139816468302,"24",50.863315,4.354037,50.864968,4.350239
20,1,20.428922284495993,"24",50.864968,4.350239,50.863018,4.348724
20,1,12.603408895799125,"24",50.863018,4.348724,50.859879,4.341212
20,1,16.632090304660846,"24",50.859879,4.341212,50.858413,4.336782
20,1,15.143646805455857,"24",50.858413,4.336782,50.857124,4.33165
20,1,15.95372157422169,"24",50.858405,4.318501,50.861354,4.316156
20,1,20.384748740244834,"24",50.861354,4.316156,50.864292,4.312232
20,1,8.333170966290746,"24",50.862808,4.299667,50.864373,4.296735
21,0,22.676391017955815,"24",50.886466,4.429606,50.888347,4.42516
21,0,19.5946161078032,"24",50.878191,4.410322,50.874152,4.403007
21,0,13.111806488982442,"24",50.87177,4.403872,50.8706,4.406414
21,0,12.11679778463088,"24",50.8706,4.406414,50.86793,4.40627
21,0,19.85422733263457,"24",50.860641,4.403679,50.856891,4.408249
21,0,22.105637236440273,"24",50.856891,4.408249,50.856889,4.413007
21,0,13.879489621024565,"24",50.856889,4.413007,50.854515,4.414539
21,0,23.668448998602692,"24",50.854515,4.414539,50.852548,4.409566
21,0,20.856131446652054,"24",50.846998,4.390903,50.845282,4.386558
21,1,7.859697838415163,"24",50.840249,4.37392,50.841004,4.374318
21,1,18.56077467558002,"24",50.840338,4.378662,50.840185,4.382637
21,1,11.478121133952778,"24",50.840185,4.382637,50.843679,4.383925
21,1,20.211665111318485,"24",50.847115,4.391358,50.84724,4.393729
21,1,27.875539603240053,"24",50.852396,4.409495,50.854704,4.415206
21,1,22.048890656063573,"24",50.854704,4.415206,50.85688,4.412695
21,1,26.793812484456623,"24",50.85688,4.412695,50.857268,4.408122
25,0,10.514280360208094,"24",50.861626,4.367787,50.86497,4.365599
25,0,6.556370702720235,"24",50.86497,4.365599,50.865348,4.362872
25,0,18.2554137865397,"24",50.865348,4.362872,50.860134,4.359946
25,0,16.429862986927784,"24",50.860134,4.359946,50.856097,4.358569
27,0,7.51712208667186,"24",50.840249,4.37392,50.841004,4.374318
27,0,16.784997650007835,"24",50.838062,4.392801,50.839211,4.398523
27,0,15.269675031299334,"24",50.838804,4.408276,50.842148,4.406718
27,0,8.330598169395383,"24",50.842148,4.406718,50.843639,4.411958
27,0,43.03235190615837,"24",50.843639,4.411958,50.845057,4.417284
27,0,15.744091330806839,"24",50.848423,4.428846,50.850347,4.427968
27,0,19.70213433874335,"24",50.850347,4.427968,50.853057,4.424597
27,0,13.260853352810567,"24",50.853057,4.424597,50.854699,4.425119
27,1,21.789034474822035,"24",50.855187,4.42103,50.854456,4.425251
27,1,21.63921226271445,"24",50.853057,4.424597,50.850158,4.427954
27,1,12.871912145509,"24",50.850158,4.427954,50.84845,4.428619
27,1,15.919645874770072,"24",50.84845,4.428619,50.848128,4.424714
27,1,13.693375261715557,"24",50.843612,4.411504,50.841744,4.406362
27,1,16.089914024073266,"24",50.841744,4.406362,50.838007,4.406021
27,1,16.805106754799706,"24",50.838007,4.406021,50.839607,4.398226
27,1,10.716868906073303,"24",50.843138,4.375982,50.841975,4.374715
27,1,16.751366529389745,"24",50.841975,4.374715,50.839431,4.37338
28,0,14.844544213183264,"24",50.848712,4.401753,50.845754,4.403994
29,0,22.403847132816793,"24",50.850734,4.352937,50.850478,4.3513
29,0,9.974987191060581,"24",50.850478,4.3513,50.848168,4.356484
29,0,7.619603366741513,"24",50.848168,4.356484,50.845858,4.357294
29,0,16.692695268059197,"24",50.845858,4.357294,50.847396,4.361439
29,0,6.890495180079754,"24",50.847396,4.361439,50.84789,4.363782
29,0,9.343649334178814,"24",50.849131,4.369931,50.849751,4.374333
29,0,19.344373583955697,"24",50.849751,4.374333,50.850586,4.381149
29,0,10.458103246232602,"24",50.850586,4.381149,50.85162,4.384813
29,0,32.6475315804967,"24",50.85162,4.384813,50.852473,4.388463
29,0,14.113401537719596,"24",50.852473,4.388463,50.852949,4.391801
29,0,14.950055083959057,"24",50.852949,4.391801,50.851519,4.394513
29,0,14.429680288663258,"24",50.851519,4.394513,50.85008,4.398687
29,0,25.43130418910284,"24",50.85008,4.398687,50.849117,4.401611
29,0,16.645360711059585,"24",50.847919,4.407745,50.848322,4.413496
29,0,18.543955897802334,"24",50.848322,4.413496,50.848617,4.417628
29,0,22.896459177572584,"24",50.848617,4.417628,50.848436,4.420326
29,0,20.37054085155356,"24",50.857103,4.441439,50.8588,4.438702
33,0,9.732349908312045,"24",50.851142,4.34437,50.848383,4.3467
33,0,12.563145730933236,"24",50.848383,4.3467,50.845686,4.346176
33,0,9.540660614255362,"24",50.845686,4.346176,50.842882,4.350791
33,0,8.430755200911937,"24",50.842882,4.350791,50.841246,4.351814
33,0,7.3428249859313555,"24",50.841246,4.351814,50.841413,4.353383
33,0,7.209700971171928,"24",50.841413,4.353383,50.839898,4.355875
33,0,15.294248559278387,"24",50.839898,4.355875,50.841545,4.358548
33,0,13.501393689894268,"24",50.841545,4.358548,50.838945,4.361604
33,0,15.31290118493655,"24",50.838945,4.361604,50.83615,4.355323
33,1,16.217729138166895,"24",50.842189,4.354148,50.845003,4.351728
33,1,14.46632779309831,"24",50.849372,4.347381,50.851241,4.344952
34,0,7.2719598961861225,"24",50.839664,4.364656,50.840303,4.367119
34,0,20.28008323939998,"24",50.838936,4.372733,50.835925,4.372486
34,0,16.555340669582804,"24",50.835493,4.380861,50.833227,4.385801
34,0,10.042837643036654,"24",50.83088,4.38932,50.828191,4.393776
34,0,16.47586544000371,"24",50.828191,4.393776,50.826393,4.396727
34,0,18.432587534392788,"24",50.826393,4.396727,50.824135,4.400458
34,0,16.995485994039697,"24",50.817395,4.421282,50.816646,4.425399
34,0,16.543712496095456,"24",50.816646,4.425399,50.81597,4.429216
34,1,13.79088068633162,"24",50.818214,4.436513,50.81639,4.434396
34,1,14.315060350579245,"24",50.81639,4.434396,50.816078,4.428918
34,1,12.820584990436949,"24",50.816872,4.424406,50.817791,4.41971
34,1,19.208604789487985,"24",50.817791,4.41971,50.819006,4.415298
34,1,15.63763642848651,"24",50.819006,4.415298,50.821065,4.408234
34,1,15.935985610894603,"24",50.821817,4.40557,50.823982,4.400869
34,1,17.490028490028507,"24",50.823982,4.400869,50.825898,4.397734
34,1,7.985575676466894,"24",50.825898,4.397734,50.828506,4.39335
34,1,11.407154185643645,"24",50.828506,4.39335,50.829963,4.390938
34,1,8.976938338997357,"24",50.829963,4.390938,50.833029,4.386241
34,1,16.278047279271913,"24",50.833029,4.386241,50.835844,4.379697
34,1,21.12828888440668,"24",50.836428,4.370853,50.838181,4.372827
34,1,13.477502707195601,"24",50.838181,4.372827,50.839925,4.369258
34,1,11.028455855694496,"24",50.839925,4.369258,50.840537,4.366324
34,1,11.851362353733533,"24",50.840537,4.366324,50.838892,4.363073
36,0,22.103693766934466,"24",50.842046,4.383774,50.838755,4.385732
36,0,8.240769504549313,"24",50.83435,4.388044,50.830979,4.390583
36,0,17.4613641968205,"24",50.832846,4.401926,50.831532,4.404636
36,0,22.803007241327087,"24",50.831532,4.404636,50.828736,4.407927
36,0,15.185583620038587,"24",50.824949,4.414481,50.827185,4.418216
36,0,14.994982385883,"24",50.827185,4.418216,50.830501,4.418486
36,0,28.247920631454196,"24",50.830501,4.418486,50.833278,4.423319
36,0,16.001274162021268,"24",50.834526,4.427011,50.831884,4.432601
36,0,10.719683932526843,"24",50.831505,4.443601,50.832914,4.446811
36,0,27.326977368445416,"24",50.832914,4.446811,50.831355,4.452487
36,0,19.490321970294247,"24",50.825859,4.457146,50.828371,4.463041
36,0,18.179974121871957,"24",50.828371,4.463041,50.832614,4.463859
36,0,31.83145500420521,"24",50.832614,4.463859,50.836926,4.467474
36,0,19.348074751491055,"24",50.836926,4.467474,50.840858,4.462754
36,0,13.677444126168872,"24",50.840858,4.462754,50.841346,4.459774
36,0,24.308935256013825,"24",50.842247,4.456538,50.842081,4.450887
37,0,19.712664163591537,"24",50.821413,4.341859,50.818572,4.340952
37,0,19.394703374139,"24",50.814015,4.33906,50.809923,4.339828
37,0,6.830543318649049,"24",50.794483,4.362255,50.793728,4.363929
37,0,24.99416937488055,"24",50.792217,4.359036,50.789619,4.359547
37,0,12.224175824175862,"24",50.779458,4.338791,50.776272,4.342435
37,1,23.150299899677687,"24",50.782011,4.341228,50.780305,4.349198
37,1,16.95658430045824,"24",50.78918,4.359647,50.792505,4.359958
37,1,20.100009652820233,"24",50.792505,4.359958,50.793908,4.364326
37,1,9.878829734995486,"24",50.793908,4.364326,50.794411,4.361518
37,1,20.19459150637973,"24",50.804353,4.356523,50.803921,4.349047
37,1,17.39187741743529,"24",50.81049,4.340145,50.814107,4.339161
37,1,9.546507921627475,"24",50.818968,4.341236,50.821665,4.341617
38,0,10.551290812452542,"24",50.845966,4.358089,50.844123,4.359055
38,0,12.410069044879172,"24",50.844123,4.359055,50.842487,4.35897
38,0,9.426168348590446,"24",50.842487,4.35897,50.840303,4.367119
38,0,14.82738697006213,"24",50.839842,4.369371,50.838936,4.372733
38,0,11.855050322192067,"24",50.838936,4.372733,50.835179,4.372173
38,0,25.428109939586548,"24",50.835179,4.372173,50.83294,4.374842
38,0,9.936197581682533,"24",50.83294,4.374842,50.830855,4.373536
38,0,9.853213143355624,"24",50.830855,4.373536,50.828059,4.371676
38,0,11.620713753139215,"24",50.817394,4.366481,50.815338,4.367106
38,0,13.854460036041905,"24",50.815338,4.367106,50.812034,4.367336
38,0,18.722676001692108,"24",50.812034,4.367336,50.811096,4.362452
38,0,13.18470465610596,"24",50.811096,4.362452,50.809738,4.365162
38,0,21.610274397115838,"24",50.803796,4.361786,50.804353,4.356523
38,0,19.641411813130265,"24",50.804353,4.356523,50.803921,4.349047
38,0,19.58746259253426,"24",50.803921,4.349047,50.803083,4.341826
38,1,15.552433498363675,"24",50.811069,4.362608,50.811977,4.367858
38,1,12.376157687155835,"24",50.811977,4.367858,50.81604,4.367006
38,1,19.969013399289324,"24",50.81604,4.367006,50.821452,4.366581
38,1,16.646594992925287,"24",50.821452,4.366581,50.823501,4.367848
38,1,11.485482808162189,"24",50.823501,4.367848,50.825848,4.369774
38,1,18.170463729074473,"24",50.825848,4.369774,50.828284,4.372031
38,1,15.334883656133123,"24",50.828284,4.372031,50.830576,4.373493
38,1,11.785242726635378,"24",50.830576,4.373493,50.833192,4.374799
38,1,16.984858317480462,"24",50.833192,4.374799,50.836428,4.370853
38,1,29.804948401692194,"24",50.836428,4.370853,50.838181,4.372827
38,1,19.631040082477682,"24",50.838181,4.372827,50.839925,4.369258
38,1,7.25741747892187,"24",50.839925,4.369258,50.840537,4.366324
38,1,10.999202279202283,"24",50.840537,4.366324,50.841633,4.364862
38,1,7.0925313773688305,"24",50.842748,4.358813,50.846406,4.357819
39,0,14.499521991626466,"24",50.838006,4.40897,50.836753,4.41154
39,0,15.886878169672896,"24",50.836753,4.41154,50.836257,4.41523
39,0,25.14842634199993,"24",50.836257,4.41523,50.834663,4.421915
39,0,21.442743108004755,"24",50.834663,4.421915,50.835002,4.428247
39,0,11.351737525076377,"24",50.835002,4.428247,50.83142,4.432911
39,0,24.063803251697877,"24",50.83142,4.432911,50.82784,4.438996
39,0,24.898755726135924,"24",50.82784,4.438996,50.827135,4.444942
39,0,25.289036126435793,"24",50.827135,4.444942,50.831131,4.451677
39,0,29.569005971732196,"24",50.831131,4.451677,50.834696,4.456609
39,0,19.4155915957305,"24",50.834696,4.456609,50.838718,4.463999
39,0,12.970094926350251,"24",50.838718,4.463999,50.84135,4.465339
39,0,20.883568320357718,"24",50.84135,4.465339,50.844605,4.465019
39,0,7.700566237698694,"24",50.844605,4.465019,50.844774,4.467008
39,0,26.56848667992047,"24",50.844774,4.467008,50.845317,4.47354
39,0,37.116677556094245,"24",50.845317,4.47354,50.845841,4.479761
39,0,13.987040576531456,"24",50.844993,4.499935,50.842114,4.502611
41,0,18.805333333333333,"24",50.803083,4.341826,50.803912,4.349486
41,0,21.817723525681668,"24",50.803912,4.349486,50.804317,4.354863
41,0,16.34636510500809,"24",50.804785,4.368837,50.802349,4.372922
41,0,12.025892950665131,"24",50.802349,4.372922,50.79958,4.376341
41,0,15.749627024355712,"24",50.801169,4.393449,50.801644,4.39691
41,0,12.471558160194908,"24",50.801644,4.39691,50.804133,4.40026
41,0,14.238697117895626,"24",50.804133,4.40026,50.806255,4.400659
41,0,16.61000641637586,"24",50.809616,4.403442,50.810748,4.407132
41,0,18.25268645908759,"24",50.810748,4.407132,50.810899,4.411502
41,0,17.464455483705194,"24",50.810899,4.411502,50.809495,4.416849
41,0,13.276455294863705,"24",50.809495,4.416849,50.810914,4.418795
42,0,29.991015263117937,"24",50.860156,4.454896,50.856356,4.450188
42,0,14.794952480444364,"24",50.856356,4.450188,50.85284,4.452738
42,0,13.304486556019198,"24",50.854452,4.447756,50.853935,4.44343
42,0,16.132228115260535,"24",50.853935,4.44343,50.854908,4.438909
43,0,30.70856701578261,"24",50.804353,4.356523,50.803921,4.349047
43,0,9.205579021379654,"24",50.803921,4.349047,50.803139,4.342194
43,0,7.485938016984666,"24",50.803139,4.342194,50.800674,4.337416
43,0,20.51212124161312,"24",50.773299,4.335988,50.774094,4.338942
43,0,22.394781125822522,"24",50.774094,4.338942,50.776788,4.33909
43,0,18.51569190490264,"24",50.776788,4.33909,50.77961,4.338295
43,0,27.59160308789672,"24",50.77961,4.338295,50.782011,4.341228
44,0,11.607557309658068,"24",50.838006,4.40897,50.836753,4.41154
44,0,10.34201888969614,"24",50.836753,4.41154,50.836257,4.41523
44,0,14.190073124155816,"24",50.836257,4.41523,50.834663,4.421915
44,0,19.014679839004756,"24",50.83142,4.432911,50.82784,4.438996
44,0,26.674260134294933,"24",50.82784,4.438996,50.827135,4.444942
44,0,30.778444760401875,"24",50.820296,4.476975,50.817458,4.483042
44,0,33.6991457050481,"24",50.825801,4.507531,50.829596,4.513476
45,0,23.677305522540465,"24",50.848138,4.436066,50.850757,4.434245
45,0,13.43429139003607,"24",50.850757,4.434245,50.852876,4.437997
45,0,22.414999787478216,"24",50.855618,4.438981,50.85644,4.431044
45,0,19.115038616940854,"24",50.85644,4.431044,50.855498,4.428174
45,0,17.04374073030572,"24",50.855498,4.428174,50.860617,4.420453
45,0,25.16207619657892,"24",50.860617,4.420453,50.859742,4.416887
45,0,21.14281929640811,"24",50.865035,4.408995,50.86793,4.406426
45,0,35.39572446555821,"24",50.871958,4.40383,50.874341,4.403888
45,0,12.515427573082071,"24",50.879033,4.403878,50.880867,4.403836
45,0,19.783558640847644,"24",50.880867,4.403836,50.880967,4.401719
45,1,15.564763180247157,"24",50.880967,4.401719,50.880816,4.403821
45,1,14.105673942010725,"24",50.877097,4.401905,50.874152,4.403007
45,1,18.778094280245273,"24",50.863443,4.410272,50.861096,4.412542
45,1,11.340354236476784,"24",50.854908,4.438909,50.85249,4.437386
45,1,28.775541676136235,"24",50.85249,4.437386,50.851026,4.434771
45,1,16.040558647875017,"24",50.851026,4.434771,50.84779,4.436351
46,0,12.917905860332743,"24",50.841803,4.286873,50.838026,4.284196
46,0,14.180379320440318,"24",50.83533,4.299476,50.834812,4.306674
46,0,15.686168010595434,"24",50.834812,4.306674,50.835713,4.312224
46,0,21.268278842664415,"24",50.835713,4.312224,50.836115,4.314685
46,0,8.910859888626073,"24",50.844731,4.338892,50.846737,4.343922
46,0,9.205889707794178,"24",50.846737,4.343922,50.849296,4.34871
46,0,11.020677498108514,"24",50.849296,4.34871,50.85242,4.351157
46,0,17.76353379257663,"24",50.85242,4.351157,50.856447,4.353059
46,0,15.898896506506652,"24",50.856447,4.353059,50.859189,4.354777
46,0,10.878471781864286,"24",50.859189,4.354777,50.860782,4.355779
46,1,10.093082526214681,"24",50.863234,4.356932,50.861751,4.356097
46,1,19.11302730352753,"24",50.851799,4.350802,50.850496,4.349922
46,1,12.760772504091651,"24",50.846143,4.342782,50.844911,4.338679
47,0,69.97159778225806,"24",50.888855,4.374708,50.891066,4.380166
47,0,21.42918256875718,"24",50.895756,4.394267,50.899306,4.399017
47,0,15.835118613580857,"24",50.921057,4.4093,50.922736,4.413781
48,0,13.609105475255626,"24",50.844886,4.346148,50.842882,4.350791
48,0,12.07920572193736,"24",50.842882,4.350791,50.840904,4.350565
48,0,10.994842887333778,"24",50.840904,4.350565,50.837424,4.346875
48,0,17.100281229444658,"24",50.837424,4.346875,50.834403,4.343214
48,0,9.273515914855219,"24",50.834403,4.343214,50.836543,4.339457
48,0,11.617153989798148,"24",50.836543,4.339457,50.834096,4.335818
48,0,7.414245591893943,"24",50.834096,4.335818,50.831139,4.333253
48,0,15.52389239621061,"24",50.828579,4.333825,50.824506,4.334729
48,0,18.46003960047323,"24",50.821348,4.334025,50.820882,4.338183
48,0,17.837058559730945,"24",50.820882,4.338183,50.821413,4.341859
48,0,31.288065843621453,"24",50.818572,4.340952,50.816262,4.339974
48,0,11.85009733188565,"24",50.816262,4.339974,50.816234,4.335873
48,0,11.703855184122581,"24",50.816234,4.335873,50.814722,4.332667
48,0,10.902118603991294,"24",50.813742,4.330585,50.810676,4.329038
48,0,17.037850090045346,"24",50.807026,4.32846,50.80432,4.32788
48,0,12.082948543193071,"24",50.80432,4.32788,50.802945,4.330492
48,0,20.88437843438939,"24",50.800733,4.32733,50.805452,4.32734
48,1,43.1027800750684,"24",50.828334,4.334172,50.831684,4.333425
49,0,22.327294141205243,"24",50.836335,4.337833,50.834096,4.335818
49,0,15.129300397452882,"24",50.834096,4.335818,50.831389,4.332229
49,0,19.80770074908154,"24",50.831389,4.332229,50.828952,4.329179
49,0,14.208719834750482,"24",50.828952,4.329179,50.827135,4.327179
49,0,14.314323785520235,"24",50.827135,4.327179,50.824159,4.325394
49,0,22.48871219650717,"24",50.824159,4.325394,50.822171,4.321734
49,0,22.029245177299305,"24",50.823497,4.316113,50.823973,4.310747
49,0,23.18333861884193,"24",50.823973,4.310747,50.827044,4.305009
49,0,10.348268538184506,"24",50.827044,4.305009,50.828949,4.302693
49,0,12.775535649562476,"24",50.828949,4.302693,50.830337,4.301111
49,0,12.43296759870008,"24",50.830337,4.301111,50.832176,4.302036
49,0,15.923111377078744,"24",50.832176,4.302036,50.834812,4.306674
49,0,15.937030413810113,"24",50.839235,4.306881,50.841903,4.303243
49,0,17.988956586349627,"24",50.844272,4.296382,50.847402,4.299103
49,0,19.16510156224905,"24",50.847402,4.299103,50.851655,4.300702
49,0,27.329138646862738,"24",50.856901,4.3094,50.858682,4.311784
49,0,17.82964506661137,"24",50.858682,4.311784,50.861273,4.315886
49,0,34.15350009451212,"24",50.861842,4.322192,50.862688,4.326239
49,0,19.4794529291688,"24",50.862688,4.326239,50.863005,4.330789
49,1,26.724030347020857,"24",50.863301,4.330614,50.862752,4.325697
49,1,14.997109947643974,"24",50.861354,4.316156,50.858628,4.311245
49,1,14.036579278684558,"24",50.858628,4.311245,50.856955,4.308918
49,1,17.17839055310659,"24",50.856955,4.308918,50.854993,4.306065
49,1,32.003932216111124,"24",50.854993,4.306065,50.851754,4.30046
49,1,19.45910950661043,"24",50.851754,4.30046,50.846278,4.298367
49,1,27.80462768127261,"24",50.846278,4.298367,50.843418,4.295787
49,1,14.607294325540073,"24",50.843418,4.295787,50.843475,4.300486
49,1,15.112575209357255,"24",50.843475,4.300486,50.841454,4.303457
49,1,16.826108902561774,"24",50.841454,4.303457,50.839594,4.3061
49,1,16.144147510210534,"24",50.839594,4.3061,50.838895,4.309863
49,1,16.832970178926455,"24",50.838895,4.309863,50.83628,4.311485
49,1,13.878040128741702,"24",50.83628,4.311485,50.834614,4.305255
49,1,9.548054864163536,"24",50.834614,4.305255,50.83303,4.302815
49,1,13.861181132560299,"24",50.829745,4.300692,50.828805,4.303346
49,1,12.509176412181112,"24",50.828805,4.303346,50.826586,4.304877
49,1,18.591985368561982,"24",50.823274,4.316581,50.822306,4.322642
49,1,12.866523454750265,"24",50.822306,4.322642,50.824878,4.32633
49,1,31.035141327298668,"24",50.824878,4.32633,50.82727,4.327492
49,1,31.19952149762923,"24",50.82727,4.327492,50.830004,4.330725
49,1,13.83936437267749,"24",50.830004,4.330725,50.831686,4.332853
49,1,15.425456550584626,"24",50.831686,4.332853,50.834213,4.336102
49,1,13.311587738856323,"24",50.834213,4.336102,50.836874,4.337165
50,0,18.254348749076158,"24",50.836335,4.337833,50.834096,4.335818
50,0,22.706444526401867,"24",50.834096,4.335818,50.831389,4.332229
50,0,15.414009459763847,"24",50.812101,4.318835,50.809901,4.317548
50,0,23.19361277040413,"24",50.809901,4.317548,50.806398,4.314093
50,0,21.561972924032073,"24",50.806398,4.314093,50.802176,4.316292
50,0,16.035047956696523,"24",50.796599,4.309433,50.794791,4.306641
50,0,17.06425929975815,"24",50.794791,4.306641,50.789905,4.29845
50,0,21.145185882304673,"24",50.789905,4.29845,50.786901,4.296668
50,0,22.546502817070262,"24",50.786901,4.296668,50.783959,4.292447
50,0,43.316109745565605,"24",50.783959,4.292447,50.781484,4.289118
50,1,22.043690501776116,"24",50.765858,4.273708,50.767019,4.274953
50,1,22.24355256234874,"24",50.767019,4.274953,50.771319,4.279084
50,1,15.978768699654792,"24",50.779577,4.286314,50.781385,4.289019
50,1,20.440337759443075,"24",50.786442,4.29613,50.790337,4.299527
50,1,15.150465882800374,"24",50.790337,4.299527,50.794746,4.306627
50,1,12.10205908683973,"24",50.794746,4.306627,50.796824,4.309901
50,1,19.633620175919525,"24",50.811535,4.318751,50.817464,4.320483
50,1,22.661415626779885,"24",50.817464,4.320483,50.822306,4.322642
50,1,33.32933491686458,"24",50.824878,4.32633,50.82727,4.327492
51,0,51.318198425196854,"24",50.893462,4.332132,50.890647,4.330038
51,0,16.054936185987394,"24",50.890647,4.330038,50.889039,4.334672
51,0,42.79278053884385,"24",50.889039,4.334672,50.886036,4.333523
51,0,14.86607755772467,"24",50.886036,4.333523,50.882189,4.335515
51,0,23.798446239222514,"24",50.882189,4.335515,50.879699,4.334494
51,0,22.704880521361343,"24",50.87764,4.332876,50.874163,4.333773
51,0,24.67917859932309,"24",50.874163,4.333773,50.870424,4.334721
51,0,20.322926926149485,"24",50.870424,4.334721,50.867465,4.33608
51,0,14.373073537303506,"24",50.867465,4.33608,50.865946,4.338822
51,0,22.886590855690827,"24",50.865946,4.338822,50.861254,4.3383
51,0,16.76546781140042,"24",50.861254,4.3383,50.860212,4.340871
51,0,14.198770649253404,"24",50.860212,4.340871,50.858981,4.344891
51,0,14.863620158719613,"24",50.858981,4.344891,50.857525,4.34867
51,0,18.21918934630972,"24",50.857525,4.34867,50.855619,4.346114
51,0,15.304683534452028,"24",50.855619,4.346114,50.853685,4.341809
51,0,19.54148768788918,"24",50.853685,4.341809,50.850353,4.338531
51,0,16.385360335821968,"24",50.850353,4.338531,50.847602,4.337914
51,0,15.269763822183894,"24",50.847602,4.337914,50.844281,4.339209
51,0,21.48103107461363,"24",50.844281,4.339209,50.840048,4.340684
51,0,14.392787835529289,"24",50.840048,4.340684,50.836353,4.338259
51,0,20.80564105743271,"24",50.836353,4.338259,50.832547,4.342972
51,0,20.435628229763026,"24",50.832547,4.342972,50.829721,4.346537
51,0,26.753644315564465,"24",50.829721,4.346537,50.825702,4.34549
51,0,20.511187947504137,"24",50.825702,4.34549,50.82109,4.343888
51,0,20.469742527339047,"24",50.82109,4.343888,50.817656,4.34616
51,0,14.258262275817753,"24",50.817656,4.34616,50.812915,4.34744
51,0,21.438349969362303,"24",50.812915,4.34744,50.809808,4.345455
51,0,21.394047316541133,"24",50.809808,4.345455,50.80664,4.343477
51,0,12.36432052960328,"24",50.80664,4.343477,50.803308,4.341358
51,0,14.76691073872839,"24",50.803308,4.341358,50.800544,4.33711
51,0,11.575611954984979,"24",50.800544,4.33711,50.798185,4.336239
51,0,21.401435467564006,"24",50.798185,4.336239,50.794352,4.334285
51,0,17.540016410058335,"24",50.794352,4.334285,50.791821,4.332703
51,0,21.499023465967095,"24",50.791821,4.332703,50.788856,4.333542
51,0,14.1026757657515,"24",50.788856,4.333542,50.786916,4.329639
51,0,34.79693346718977,"24",50.786916,4.329639,50.784264,4.327968
51,0,12.036524547321736,"24",50.784264,4.327968,50.780214,4.325869
51,1,22.279433828110328,"24",50.781131,4.326095,50.784768,4.328336
51,1,16.721030260902886,"24",50.784768,4.328336,50.787123,4.329824
51,1,14.173048512023882,"24",50.787123,4.329824,50.78894,4.334006
51,1,13.01934270213496,"24",50.78894,4.334006,50.791224,4.332898
51,1,18.462797513579435,"24",50.797648,4.336207,50.799531,4.336466
51,1,10.078764144183166,"24",50.799531,4.336466,50.800687,4.337586
51,1,7.458083788839054,"24",50.800687,4.337586,50.803658,4.341653
51,1,18.30774627301958,"24",50.803658,4.341653,50.807578,4.344131
51,1,14.90442413546304,"24",50.807578,4.344131,50.810843,4.346215
51,1,10.548975169829827,"24",50.810843,4.346215,50.814348,4.34751
51,1,13.495677380178579,"24",50.814348,4.34751,50.818079,4.346047
51,1,12.13313496428231,"24",50.818079,4.346047,50.822303,4.343561
51,1,26.05937209557824,"24",50.822303,4.343561,50.826043,4.345887
51,1,10.777501131526853,"24",50.836586,4.337506,50.840381,4.340599
51,1,34.79398736197089,"24",50.845369,4.338892,50.847997,4.33778
51,1,15.587529399703655,"24",50.847997,4.33778,50.850667,4.338989
51,1,16.297928873570434,"24",50.850667,4.338989,50.853991,4.342195
51,1,14.239235570571497,"24",50.853991,4.342195,50.855491,4.346631
51,1,18.175848877212324,"24",50.855491,4.346631,50.857741,4.348783
51,1,42.63969363331738,"24",50.857741,4.348783,50.859349,4.344522
51,1,17.518059502315744,"24",50.859349,4.344522,50.860418,4.340473
51,1,8.738602976222024,"24",50.860418,4.340473,50.861667,4.338228
51,1,12.935564564600554,"24",50.861667,4.338228,50.866207,4.338439
51,1,13.052507122099238,"24",50.866207,4.338439,50.867743,4.335639
51,1,20.122911714654194,"24",50.867743,4.335639,50.87088,4.334657
51,1,13.71884204918766,"24",50.877973,4.332833,50.879195,4.333969
51,1,24.233675213675184,"24",50.886216,4.333964,50.889219,4.334089
51,1,26.31731325998842,"24",50.890881,4.330308,50.893809,4.33186
53,0,13.328902997871662,"24",50.83767,4.285347,50.837586,4.287789
53,0,21.08669833729216,"24",50.837586,4.287789,50.837374,4.290288
53,0,20.261475746563445,"24",50.839247,4.296546,50.842438,4.2962
53,0,18.467668565928182,"24",50.842438,4.2962,50.847402,4.299103
53,0,14.557833258055977,"24",50.856901,4.3094,50.858682,4.311784
53,0,30.4160621433101,"24",50.858682,4.311784,50.862379,4.316595
53,0,11.793717234431844,"24",50.862379,4.316595,50.864789,4.318851
53,0,27.90923427138666,"24",50.868071,4.321206,50.869995,4.322582
53,0,8.67739292282091,"24",50.869995,4.322582,50.871156,4.323703
53,0,15.206581668879064,"24",50.871156,4.323703,50.872802,4.328702
53,0,10.448787643304366,"24",50.876904,4.342176,50.877635,4.347781
53,0,12.231870768154334,"24",50.877635,4.347781,50.879738,4.347908
53,0,8.423862871241269,"24",50.879738,4.347908,50.881167,4.348134
53,0,18.371039334437107,"24",50.881167,4.348134,50.881483,4.354458
53,0,18.01817736939577,"24",50.895678,4.357282,50.89584,4.362783
53,0,14.504518908710702,"24",50.89584,4.362783,50.895768,4.365589
53,0,14.687259513999267,"24",50.894356,4.382654,50.895751,4.388617
53,0,21.067305389221556,"24",50.895751,4.388617,50.899893,4.385399
53,0,30.995390519178386,"24",50.899893,4.385399,50.903066,4.386538
53,0,24.533640648354012,"24",50.903066,4.386538,50.908225,4.389668
53,1,26.0704651348287,"24",50.908225,4.389668,50.907492,4.388708
53,1,16.797987093465537,"24",50.907492,4.388708,50.90383,4.386737
53,1,25.17064307871712,"24",50.90383,4.386737,50.900012,4.385067
53,1,18.432262278568402,"24",50.900012,4.385067,50.895182,4.387459
53,1,17.94820463495594,"24",50.895182,4.387459,50.894607,4.382569
53,1,8.982722180166538,"24",50.894607,4.382569,50.894778,4.380678
53,1,24.553205998212473,"24",50.894778,4.380678,50.896595,4.376599
53,1,10.962565192196239,"24",50.897377,4.358959,50.895129,4.357751
53,1,9.42386495449716,"24",50.879855,4.347609,50.877652,4.347042
53,1,9.200678499303553,"24",50.877652,4.347042,50.876959,4.342083
53,1,9.247584507895484,"24",50.874395,4.332338,50.873068,4.328469
53,1,17.22315671432572,"24",50.869429,4.321787,50.866902,4.320028
53,1,19.27925422657611,"24",50.864744,4.318411,50.862217,4.315956
53,1,20.047367409986666,"24",50.862217,4.315956,50.858628,4.311245
53,1,17.95117894001792,"24",50.858628,4.311245,50.856955,4.308918
53,1,25.145514790311104,"24",50.851754,4.30046,50.846278,4.298367
53,1,21.94659697334858,"24",50.846278,4.298367,50.843418,4.295787
53,1,22.87312065608387,"24",50.843418,4.295787,50.83809,4.295876
54,0,29.81985116337488,"24",50.841848,4.364842,50.840654,4.364805
54,0,8.537479666611915,"24",50.840654,4.364805,50.837543,4.362009
54,0,8.99238306044725,"24",50.837543,4.362009,50.835086,4.363978
54,0,21.12464557982444,"24",50.829776,4.364338,50.826857,4.362606
54,0,13.305999983212326,"24",50.826857,4.362606,50.825002,4.357554
54,0,14.173736733499203,"24",50.825002,4.357554,50.822575,4.354304
54,0,13.733508484610217,"24",50.822575,4.354304,50.822511,4.346584
54,0,10.583311986213646,"24",50.822511,4.346584,50.821665,4.341617
54,0,19.953973494405986,"24",50.813742,4.330585,50.809707,4.323479
54,0,14.5279002907117,"24",50.809707,4.323479,50.809306,4.320361
54,0,10.066824723877588,"24",50.809306,4.320361,50.810537,4.317971
54,0,7.080687537589793,"24",50.810537,4.317971,50.811535,4.318751
54,0,26.14263949723862,"24",50.811535,4.318751,50.817464,4.320483
54,0,11.102247244620441,"24",50.817464,4.320483,50.817226,4.320107
55,0,12.35671713439933,"24",50.876787,4.411827,50.878456,4.409817
55,0,20.511430744596428,"24",50.878817,4.403664,50.876949,4.400835
55,0,23.721729322540458,"24",50.876949,4.400835,50.875935,4.392836
55,0,16.471506804974332,"24",50.875935,4.392836,50.873428,4.386924
55,0,15.524956705791826,"24",50.873428,4.386924,50.871653,4.384367
55,0,13.436581196581193,"24",50.871653,4.384367,50.870156,4.382107
55,0,11.15935903068421,"24",50.871388,4.375288,50.869258,4.370997
55,0,16.408062132797138,"24",50.865348,4.362872,50.860134,4.359946
55,0,23.97790904604529,"24",50.860134,4.359946,50.856232,4.358726
55,1,47.695224260149814,"24",50.856232,4.358726,50.860763,4.360273
55,1,11.692869743988663,"24",50.860763,4.360273,50.865689,4.364534
56,0,8.041021699301208,"24",50.843434,4.383842,50.843679,4.383925
56,0,14.575776518267064,"24",50.843679,4.383925,50.846111,4.383756
56,0,13.005636248646676,"24",50.853183,4.386873,50.85564,4.384072
56,0,10.921420341468517,"24",50.859427,4.379125,50.862596,4.38094
56,0,25.438430163648384,"24",50.862596,4.38094,50.864559,4.381105
56,0,18.062188321261484,"24",50.864559,4.381105,50.867265,4.380029
56,0,10.425881706790804,"24",50.867265,4.380029,50.86639,4.375017
56,0,9.246366133616512,"24",50.86639,4.375017,50.866692,4.373226
56,0,14.217500085168162,"24",50.866692,4.373226,50.871074,4.376438
56,0,17.934363243810164,"24",50.871074,4.376438,50.873132,4.376993
56,0,19.46881256404864,"24",50.873132,4.376993,50.879536,4.375408
56,0,26.32250227183156,"24",50.879536,4.375408,50.881383,4.374005
56,0,23.137821999133678,"24",50.881383,4.374005,50.888855,4.374708
56,0,24.18196544629152,"24",50.888855,4.374708,50.891066,4.380166
56,0,18.87950522092962,"24",50.895751,4.388617,50.899893,4.385399
57,0,33.20498729045335,"24",50.887865,4.384613,50.890381,4.391322
57,0,12.420970460930974,"24",50.898433,4.401533,50.899306,4.399017
57,0,20.672849862302538,"24",50.905166,4.401793,50.907729,4.40055
57,0,21.239874241798738,"24",50.907729,4.40055,50.908554,4.39545
57,1,39.48307848468643,"24",50.881565,4.373129,50.8744,4.36091
57,1,13.860171211160424,"24",50.8744,4.36091,50.873033,4.358268
57,1,18.28866236065415,"24",50.873033,4.358268,50.86861,4.353112
57,1,10.236055728735922,"24",50.86861,4.353112,50.865086,4.35111
58,0,24.361887346511,"24",50.923537,4.430963,50.921767,4.428813
58,0,22.77108333525865,"24",50.921767,4.428813,50.915987,4.421998
58,0,8.306400888563136,"24",50.873006,4.376723,50.871379,4.375217
58,0,20.30425165448161,"24",50.866227,4.358283,50.864233,4.357417
58,0,16.705121102900616,"24",50.864233,4.357417,50.861751,4.356097
58,1,17.992542753013737,"24",50.856681,4.353698,50.859189,4.354777
60,0,19.906032029027518,"24",50.846244,4.384315,50.847682,4.383747
60,0,15.677689416278385,"24",50.847682,4.383747,50.846234,4.38347
60,0,17.126225741370167,"24",50.846234,4.38347,50.843149,4.383818
60,0,10.428235559040656,"24",50.843149,4.383818,50.840527,4.382651
60,0,10.160191481270934,"24",50.840527,4.382651,50.837471,4.38028
60,0,10.533396053977754,"24",50.837471,4.38028,50.834405,4.37815
60,0,19.554814580710502,"24",50.834405,4.37815,50.833027,4.375441
60,0,12.157983658699376,"24",50.833027,4.375441,50.830855,4.373536
60,0,15.320524602896134,"24",50.830855,4.373536,50.828059,4.371676
60,0,11.83568614014048,"24",50.828059,4.371676,50.825678,4.369486
60,0,7.752890672016044,"24",50.825678,4.369486,50.823578,4.367622
60,0,12.92274208032108,"24",50.823578,4.367622,50.821865,4.363586
60,0,10.90388637543574,"24",50.821865,4.363586,50.819959,4.359159
60,0,29.206941487232847,"24",50.819959,4.359159,50.817163,4.354632
60,0,14.790670727256936,"24",50.813945,4.356293,50.811716,4.357429
60,0,13.937057139193982,"24",50.806502,4.357331,50.803621,4.358749
60,0,19.533742570398516,"24",50.796415,4.356709,50.794483,4.362255
60,0,12.076527276223858,"24",50.794483,4.362255,50.793728,4.363929
60,0,18.49024089139307,"24",50.789913,4.338799,50.789013,4.334445
60,0,21.423568102583154,"24",50.789013,4.334445,50.791242,4.332898
60,1,19.23436048165355,"24",50.790918,4.333068,50.789489,4.333821
60,1,14.595591574724171,"24",50.789489,4.333821,50.789861,4.33866
60,1,18.56765063712621,"24",50.789861,4.33866,50.790363,4.340628
60,1,23.217690140845075,"24",50.79236,4.348895,50.79192,4.351675
60,1,17.984223524284538,"24",50.79192,4.351675,50.792505,4.359958
60,1,12.718556869712572,"24",50.811185,4.357628,50.814475,4.356109
60,1,15.486145116541513,"24",50.814475,4.356109,50.816833,4.354964
60,1,18.043453385470272,"24",50.816833,4.354964,50.819878,4.3594
60,1,12.338812411403353,"24",50.819878,4.3594,50.821838,4.36282
60,1,9.827463909756721,"24",50.821838,4.36282,50.821452,4.366581
60,1,17.247659215520862,"24",50.823501,4.367848,50.825848,4.369774
60,1,17.964216867469887,"24",50.825848,4.369774,50.828284,4.372031
60,1,8.515174918220726,"24",50.828284,4.372031,50.830576,4.373493
60,1,16.517249111358762,"24",50.830576,4.373493,50.832713,4.374968
60,1,14.503119460081525,"24",50.83792,4.381785,50.840185,4.382637
60,1,11.430833393898745,"24",50.840185,4.382637,50.84347,4.383977
60,1,11.24066659590278,"24",50.84347,4.383977,50.846111,4.383756
61,0,12.269490179879561,"24",50.86008,4.360273,50.855575,4.358297
61,0,9.634700147587976,"24",50.855575,4.358297,50.85421,4.36151
61,0,15.538575405184977,"24",50.852987,4.373581,50.852825,4.378168
61,0,13.648039875871566,"24",50.852825,4.378168,50.853948,4.380753
61,0,23.055819477434692,"24",50.853948,4.380753,50.853921,4.38328
61,0,12.025190627604735,"24",50.853921,4.38328,50.852788,4.3871
61,0,7.961547241597965,"24",50.852788,4.3871,50.851759,4.387243
61,0,14.467959283653583,"24",50.851759,4.387243,50.849255,4.389456
61,0,14.899503247993891,"24",50.849255,4.389456,50.846809,4.393402
61,0,13.382400153180875,"24",50.846809,4.393402,50.84502,4.395104
61,0,15.649428425973063,"24",50.84502,4.395104,50.842637,4.395658
61,0,10.831916129878733,"24",50.842637,4.395658,50.839211,4.398523
62,0,17.063599214903956,"24",50.879486,4.433926,50.878258,4.430263
62,0,29.95558483109061,"24",50.867644,4.40286,50.860596,4.40152
62,0,9.61069012069231,"24",50.85675,4.397569,50.855501,4.395892
62,0,18.69179645507749,"24",50.856734,4.391036,50.858308,4.384134
62,1,24.376813415415146,"24",50.857679,4.384461,50.85623,4.391249
62,1,24.827304285760597,"24",50.85623,4.391249,50.855222,4.397014
62,1,23.66157934700073,"24",50.876747,4.412529,50.877435,4.421296
62,1,27.17315047324707,"24",50.877435,4.421296,50.878401,4.431144
63,0,9.143189116237224,"24",50.849131,4.369931,50.849751,4.374333
63,0,12.195175641926749,"24",50.849751,4.374333,50.849049,4.377287
63,0,13.596271527860317,"24",50.849049,4.377287,50.846234,4.38347
63,0,11.988441357889602,"24",50.846234,4.38347,50.845205,4.386602
63,0,19.477160219356747,"24",50.860595,4.405199,50.861978,4.409319
63,0,15.422428628230614,"24",50.864222,4.41871,50.865371,4.422078
63,0,27.293730568041916,"24",50.865371,4.422078,50.864249,4.418199
63,1,33.234143204211534,"24",50.864249,4.418199,50.863667,4.413198
63,1,14.91463179115127,"24",50.863667,4.413198,50.862095,4.409177
63,1,15.589745712652451,"24",50.862095,4.409177,50.860542,4.404673
63,1,16.80348290953002,"24",50.860542,4.404673,50.859167,4.40115
63,1,10.470054093167727,"24",50.859167,4.40115,50.856759,4.397583
63,1,13.439183395002523,"24",50.856759,4.397583,50.853963,4.397794
63,1,13.512695515488545,"24",50.853963,4.397794,50.851141,4.395961
63,1,15.953717376516849,"24",50.851141,4.395961,50.848238,4.395036
63,1,11.202959588186,"24",50.848238,4.395036,50.847322,4.391116
63,1,16.595132804895005,"24",50.847097,4.387396,50.847682,4.383747
63,1,11.177129356091053,"24",50.847682,4.383747,50.847808,4.381205
63,1,13.930944988160489,"24",50.847808,4.381205,50.84913,4.377145
63,1,8.914992018340643,"24",50.84913,4.377145,50.849814,4.374063
63,1,8.541840019666985,"24",50.849814,4.374063,50.849697,4.369619
63,1,5.166055636337648,"24",50.847651,4.36355,50.847297,4.361212
63,1,18.134897146474724,"24",50.847297,4.361212,50.846496,4.359381
64,1,8.72949596651907,"24",50.871438,4.399979,50.869407,4.399921
64,1,25.8628197457735,"24",50.869407,4.399921,50.864482,4.394293
64,1,19.167711999744416,"24",50.864482,4.394293,50.86148,4.392473
64,1,12.154644615400164,"24",50.859673,4.39152,50.856985,4.390113
64,1,9.773709311127947,"24",50.856985,4.390113,50.853309,4.388208
64,1,7.7445330296127555,"24",50.853309,4.388208,50.851759,4.387243
64,1,16.429828725962384,"24",50.851759,4.387243,50.847682,4.383747
64,1,12.421534359050497,"24",50.847682,4.383747,50.845024,4.377557
64,1,15.057161007471002,"24",50.839431,4.37338,50.839925,4.369258
64,1,8.425773581543268,"24",50.839925,4.369258,50.840537,4.366324
64,1,7.97011263102922,"24",50.840537,4.366324,50.838892,4.363073
65,0,7.914745475701116,"24",50.848699,4.367957,50.850084,4.369193
65,0,14.915209843482508,"24",50.850084,4.369193,50.852574,4.369306
65,0,15.27698676840654,"24",50.857715,4.383779,50.857129,4.390241
65,0,15.632136060387555,"24",50.857129,4.390241,50.860536,4.392046
65,0,11.439523367989487,"24",50.860536,4.392046,50.862073,4.39253
65,0,20.48166910495694,"24",50.862073,4.39253,50.864311,4.394179
65,0,18.920289325158052,"24",50.864311,4.394179,50.867672,4.398627
65,0,15.549626425481737,"24",50.867672,4.398627,50.870872,4.400107
65,0,18.51363014131982,"24",50.870872,4.400107,50.87177,4.403872
65,0,14.250829473864354,"24",50.872524,4.407538,50.875408,4.410155
65,0,7.154671305855871,"24",50.875408,4.410155,50.878438,4.409788
65,0,19.143526764788607,"24",50.878438,4.409788,50.884092,4.410163
65,0,14.818240280619722,"24",50.8896,4.416634,50.891847,4.418029
65,0,30.95913393054986,"24",50.891847,4.418029,50.896196,4.421147
65,0,29.105021598894165,"24",50.896196,4.421147,50.90116,4.422863
65,1,16.31181942667584,"24",50.912776,4.432925,50.908129,4.431667
65,1,16.555893919030325,"24",50.882205,4.407163,50.87815,4.409944
65,1,5.259924619136605,"24",50.87815,4.409944,50.876145,4.41044
65,1,13.74791737635876,"24",50.874492,4.408605,50.871643,4.405932
65,1,19.32665273141352,"24",50.871643,4.405932,50.871958,4.40383
65,1,22.4785122223621,"24",50.871958,4.40383,50.87124,4.400462
65,1,9.418080667593873,"24",50.87124,4.400462,50.869407,4.399921
65,1,16.144549074785232,"24",50.869407,4.399921,50.864482,4.394293
65,1,22.129296143766382,"24",50.864482,4.394293,50.86148,4.392473
65,1,17.912747380906797,"24",50.856985,4.390113,50.858317,4.384603
65,1,18.267926214335702,"24",50.847297,4.361212,50.846496,4.359381
66,0,12.91138660363141,"24",50.845858,4.357294,50.847396,4.361439
66,0,25.43624187749661,"24",50.866066,4.384904,50.867468,4.386353
66,0,15.881525091112996,"24",50.867468,4.386353,50.868582,4.389962
66,0,16.924414837244537,"24",50.861096,4.412542,50.859711,4.41497
66,0,24.06029203376249,"24",50.859711,4.41497,50.861562,4.415938
66,0,15.964016307712003,"24",50.861562,4.415938,50.864222,4.41871
66,0,10.041824677678253,"24",50.864222,4.41871,50.865371,4.422078
66,0,12.882833068026331,"24",50.863401,4.424931,50.862457,4.426194
66,1,73.87015432906095,"24",50.862169,4.426066,50.863368,4.418752
66,1,10.816847808454725,"24",50.863368,4.418752,50.862308,4.416194
66,1,15.665555880346881,"24",50.862308,4.416194,50.859657,4.414231
66,1,22.014216656392954,"24",50.865035,4.408995,50.867166,4.405886
66,1,15.049273220796321,"24",50.867166,4.405886,50.868643,4.399693
66,1,8.930457480994619,"24",50.867072,4.387035,50.866191,4.386083
66,1,4.453976158610587,"24",50.847297,4.361212,50.846496,4.359381
70,0,9.978851501963701,"24",50.816262,4.339974,50.816333,4.337562
70,0,9.478008394034882,"24",50.805949,4.340894,50.803139,4.342194
70,0,10.299939374228188,"24",50.803139,4.342194,50.800674,4.337416
70,1,14.446490426249724,"24",50.779458,4.338791,50.776272,4.342435
70,1,15.171808199796981,"24",50.78894,4.334006,50.791242,4.332898
70,1,16.60776405012179,"24",50.794092,4.334203,50.797648,4.336207
70,1,13.924385321499088,"24",50.797648,4.336207,50.80056,4.3373
70,1,16.879265775350152,"24",50.816405,4.340144,50.818968,4.341236
71,0,36.183464690551695,"24",50.849654,4.352651,50.848168,4.356484
71,0,8.533559373690428,"24",50.848168,4.356484,50.84593,4.357791
71,0,23.99547575635836,"24",50.844123,4.359055,50.842487,4.35897
71,0,18.19049677387676,"24",50.842487,4.35897,50.840654,4.364805
71,0,17.225288675659925,"24",50.840654,4.364805,50.837543,4.362009
71,0,12.428255382908192,"24",50.837543,4.362009,50.835086,4.363978
71,0,16.829530230944002,"24",50.835086,4.363978,50.833057,4.366481
71,0,16.155712710400316,"24",50.833057,4.366481,50.829965,4.369547
71,0,13.55558560336251,"24",50.829965,4.369547,50.827349,4.371889
71,0,21.067624556820313,"24",50.827349,4.371889,50.82414,4.373435
71,0,25.102871928426985,"24",50.817442,4.380672,50.814061,4.384119
71,0,13.934409709860796,"24",50.814061,4.384119,50.815966,4.390704
71,0,20.936720515107574,"24",50.815966,4.390704,50.817709,4.395984
72,1,15.371356262705897,"24",50.815984,4.390604,50.814061,4.384119
74,0,33.56260857949057,"24",50.802314,4.324151,50.800733,4.32733
74,0,28.12993313637072,"24",50.809707,4.323479,50.809306,4.320361
74,0,8.13179540335591,"24",50.809306,4.320361,50.810537,4.317971
74,0,13.561271788063223,"24",50.810537,4.317971,50.811535,4.318751
74,0,28.010454954750767,"24",50.811535,4.318751,50.817464,4.320483
74,0,18.533614561881386,"24",50.828949,4.302693,50.828528,4.298556
74,0,17.044500671764553,"24",50.828528,4.298556,50.827578,4.294576
75,0,12.359537428531816,"24",50.816172,4.29016,50.815856,4.29502
75,0,26.007124900361763,"24",50.815856,4.29502,50.818644,4.298266
75,0,15.753866490416387,"24",50.818644,4.298266,50.820497,4.299327
75,0,17.154084877591977,"24",50.820497,4.299327,50.823075,4.296755
75,0,13.315948833613556,"24",50.823075,4.296755,50.825454,4.298142
75,0,22.390939996936453,"24",50.825454,4.298142,50.828962,4.293893
75,0,15.279511820208992,"24",50.828962,4.293893,50.830357,4.296602
75,0,23.54423728048395,"24",50.835155,4.280397,50.835978,4.274419
75,1,21.8422674206372,"24",50.835718,4.275337,50.834966,4.280497
75,1,13.902992018761584,"24",50.833718,4.295433,50.828854,4.293893
75,1,14.865528412025222,"24",50.828854,4.293893,50.825126,4.297987
75,1,15.599373249133476,"24",50.818515,4.294711,50.816555,4.292593
75,1,8.21566832330628,"24",50.816555,4.292593,50.816506,4.290393
76,0,12.255049881235156,"24",50.848754,4.458553,50.848082,4.467057
76,0,17.34699005964216,"24",50.83677,4.498038,50.835757,4.495693
79,0,12.097607603823077,"24",50.849022,4.459021,50.850255,4.458513
79,0,17.89803921568628,"24",50.850255,4.458513,50.85069,4.454112
79,0,22.797021457265092,"24",50.85069,4.454112,50.851276,4.451528
79,0,20.920726289356768,"24",50.851276,4.451528,50.854452,4.447756
79,0,12.709706420311864,"24",50.85644,4.431044,50.855498,4.428174
79,0,26.330460395722543,"24",50.85516,4.420888,50.854016,4.418262
79,0,13.283803370667124,"24",50.854016,4.418262,50.854515,4.414539
79,0,19.501731144505822,"24",50.854515,4.414539,50.852548,4.409566
79,0,21.209593969504912,"24",50.852548,4.409566,50.850333,4.408414
79,0,28.979429296131876,"24",50.850333,4.408414,50.848802,4.401668
79,0,10.276546864442212,"24",50.84706,4.39326,50.846998,4.390903
79,0,11.839253154105446,"24",50.845282,4.386558,50.843434,4.383842
79,1,8.8502592,"24",50.847707,4.397407,50.849465,4.402304
80,0,16.67326307643836,"24",50.839664,4.364656,50.840303,4.367119
80,0,11.98184973393185,"24",50.838936,4.372733,50.835925,4.372486
80,0,17.93286575244135,"24",50.835925,4.372486,50.835745,4.37717
80,0,23.274034163962547,"24",50.836997,4.408119,50.838804,4.408276
80,0,7.542257951765111,"24",50.838804,4.408276,50.842148,4.406718
80,0,11.222282384251825,"24",50.843639,4.411958,50.845057,4.417284
80,0,17.416827785713753,"24",50.845057,4.417284,50.849057,4.417146
80,0,18.026347430602755,"24",50.852396,4.409495,50.854704,4.415206
80,0,10.849123345129417,"24",50.854704,4.415206,50.859711,4.41497
80,0,24.603610017325472,"24",50.859711,4.41497,50.861562,4.415938
80,0,28.182517261037578,"24",50.865371,4.422078,50.870748,4.41876
80,0,10.57263610009114,"24",50.874586,4.413341,50.878438,4.409788
80,0,21.31899032173687,"24",50.891847,4.418029,50.896196,4.421147
80,0,26.010513231762392,"24",50.896196,4.421147,50.893058,4.422934
80,1,12.484158135139392,"24",50.893058,4.422934,50.892834,4.421413
80,1,15.929490274030956,"24",50.892117,4.417902,50.889968,4.414876
80,1,22.041431752409707,"24",50.889968,4.414876,50.885733,4.41031
80,1,35.369061955558266,"24",50.874913,4.412669,50.870623,4.418589
80,1,38.12486818706518,"24",50.870623,4.418589,50.865434,4.421794
80,1,16.561667570776898,"24",50.865434,4.421794,50.864249,4.418199
80,1,13.113759629845896,"24",50.864249,4.418199,50.862308,4.416194
80,1,13.998051758688494,"24",50.862308,4.416194,50.858911,4.41362
80,1,15.886999451453644,"24",50.858911,4.41362,50.854515,4.414539
80,1,13.07633163501618,"24",50.843612,4.411504,50.841744,4.406362
80,1,15.850819330095794,"24",50.841744,4.406362,50.838007,4.406021
80,1,33.69444895045905,"24",50.838007,4.406021,50.839607,4.398226
80,1,14.190773921765285,"24",50.839607,4.398226,50.838242,4.392106
80,1,17.623054092867427,"24",50.838242,4.392106,50.836831,4.387349
80,1,16.16013943528477,"24",50.836831,4.387349,50.837471,4.38028
80,1,16.82435764853163,"24",50.837471,4.38028,50.835862,4.3748
80,1,7.468308825439751,"24",50.835862,4.3748,50.836428,4.370853
80,1,22.06301314909978,"24",50.836428,4.370853,50.838181,4.372827
80,1,16.486490810754994,"24",50.838181,4.372827,50.839925,4.369258
80,1,19.949957548307253,"24",50.839925,4.369258,50.840537,4.366324
80,1,7.525884993377046,"24",50.840537,4.366324,50.838892,4.363073
81,0,22.5593877451538,"24",50.832599,4.302702,50.834794,4.306646
81,0,24.179174735587655,"24",50.834794,4.306646,50.835706,4.312222
81,0,24.611179515652307,"24",50.837038,4.318582,50.839207,4.323336
81,0,18.67380993670337,"24",50.839207,4.323336,50.839137,4.329838
81,0,28.980246206699075,"24",50.831452,4.3345,50.830132,4.337425
81,0,22.3688800504438,"24",50.830132,4.337425,50.828128,4.341869
81,0,10.954718575328224,"24",50.828128,4.341869,50.827158,4.344041
81,0,10.886229810350695,"24",50.827158,4.344041,50.824474,4.346856
81,1,25.021147056795627,"24",50.837987,4.405848,50.839301,4.399631
81,1,16.902343231812928,"24",50.839301,4.399631,50.837081,4.395711
81,1,19.243415519274905,"24",50.837081,4.395711,50.834115,4.393126
81,1,15.736783861043445,"24",50.834115,4.393126,50.830431,4.389192
81,1,15.801874292352963,"24",50.830431,4.389192,50.829852,4.386154
81,1,17.993457621807927,"24",50.829852,4.386154,50.829919,4.379554
81,1,10.840925403241574,"24",50.829919,4.379554,50.828028,4.375196
81,1,11.252476517565274,"24",50.828028,4.375196,50.827754,4.37169
81,1,13.682430298213193,"24",50.827754,4.37169,50.827635,4.366478
81,1,9.769666517347153,"24",50.827635,4.366478,50.826857,4.362606
81,1,14.585119769299439,"24",50.826857,4.362606,50.825002,4.357554
81,1,12.447057175094875,"24",50.825002,4.357554,50.825541,4.355141
81,1,13.773084914145919,"24",50.825541,4.355141,50.824363,4.350784
81,1,14.569855400740243,"24",50.824363,4.350784,50.824336,4.347222
81,1,9.201990034898884,"24",50.824336,4.347222,50.826574,4.344709
81,1,15.934497432785646,"24",50.826574,4.344709,50.828712,4.340733
81,1,25.749441179936277,"24",50.828712,4.340733,50.829907,4.33805
81,1,14.943880718013247,"24",50.829907,4.33805,50.83183,4.333762
81,1,14.542059119920934,"24",50.83183,4.333762,50.834276,4.336173
81,1,14.544232279457612,"24",50.834276,4.336173,50.836811,4.337407
81,1,11.634866684390733,"24",50.836811,4.337407,50.838807,4.33705
81,1,12.572074222359106,"24",50.838807,4.33705,50.839317,4.32954
81,1,28.503333388041767,"24",50.839317,4.32954,50.839153,4.322924
81,1,14.149940764294266,"24",50.839153,4.322924,50.836813,4.318029
81,1,16.390490829939502,"24",50.836813,4.318029,50.836065,4.313969
81,1,9.981487480908985,"24",50.836065,4.313969,50.83566,4.3115
81,1,15.291295255513367,"24",50.83566,4.3115,50.834605,4.305241
81,1,13.588303521200578,"24",50.834605,4.305241,50.832679,4.30178
81,1,19.323798379930977,"24",50.832679,4.30178,50.83078,4.297495
81,1,20.240984035216282,"24",50.83078,4.297495,50.828862,4.292786
81,1,21.49224546703723,"24",50.828862,4.292786,50.827061,4.288346
81,1,10.86302679217964,"24",50.827061,4.288346,50.826152,4.286105
81,1,20.875979427081912,"24",50.826152,4.286105,50.824935,4.281424
82,0,21.999107622461356,"24",50.87252,4.28984,50.869625,4.291895
82,0,20.891524459613198,"24",50.869625,4.291895,50.86679,4.294558
82,0,7.050439634981378,"24",50.86679,4.294558,50.864581,4.297151
82,0,22.509997716197265,"24",50.864581,4.297151,50.86185,4.301611
82,0,15.6648485357053,"24",50.86185,4.301611,50.860181,4.30688
82,0,14.122362553302294,"24",50.860181,4.30688,50.858672,4.313261
82,0,13.149406585846009,"24",50.858672,4.313261,50.856689,4.317397
82,0,16.82696702999829,"24",50.856689,4.317397,50.853893,4.316207
82,0,28.41347058294197,"24",50.853893,4.316207,50.851744,4.316905
82,0,14.919945504813406,"24",50.851744,4.316905,50.848843,4.321708
82,0,18.842129571208975,"24",50.848843,4.321708,50.849186,4.32601
82,0,13.57707611224542,"24",50.849186,4.32601,50.849449,4.32937
82,0,23.614920043117092,"24",50.849449,4.32937,50.850009,4.334997
82,0,15.45423276035542,"24",50.850009,4.334997,50.847602,4.337914
82,0,13.517156482031922,"24",50.847602,4.337914,50.844281,4.339209
82,0,19.295825040700773,"24",50.844281,4.339209,50.840048,4.340684
82,0,10.470249722314946,"24",50.840048,4.340684,50.836497,4.337946
82,0,14.818141859162777,"24",50.836497,4.337946,50.834069,4.33579
82,0,15.259350397918393,"24",50.834069,4.33579,50.831353,4.332286
82,0,19.8442775885319,"24",50.831353,4.332286,50.828952,4.329208
82,0,15.500126677835608,"24",50.828952,4.329208,50.826901,4.327151
82,0,14.282021520245962,"24",50.826901,4.327151,50.823683,4.326075
82,0,22.185919243060674,"24",50.823683,4.326075,50.819574,4.32554
82,0,30.4061469145432,"24",50.819574,4.32554,50.817165,4.32523
82,0,20.178083917612124,"24",50.817165,4.32523,50.813623,4.324822
82,0,11.252477140728857,"24",50.813623,4.324822,50.812957,4.322694
82,0,15.584587737906375,"24",50.809871,4.317575,50.806418,4.31406
82,0,21.238645782415592,"24",50.806418,4.31406,50.802167,4.31625
82,0,12.251074240294136,"24",50.800837,4.317471,50.798779,4.319374
82,0,15.867811832228796,"24",50.798779,4.319374,50.796326,4.321178
82,0,16.33394050674524,"24",50.796326,4.321178,50.793224,4.320302
82,0,18.22576851955941,"24",50.793224,4.320302,50.790885,4.317808
82,0,18.40693331103324,"24",50.790885,4.317808,50.787442,4.3174
82,0,11.299367830752807,"24",50.787442,4.3174,50.785581,4.318164
82,1,21.15711118450956,"24",50.785857,4.31803,50.787739,4.317542
82,1,12.99105215420102,"24",50.793422,4.320543,50.796775,4.321078
82,1,22.670051838825415,"24",50.796775,4.321078,50.799094,4.319416
82,1,16.44039904791005,"24",50.799094,4.319416,50.801277,4.317314
82,1,17.57302146984421,"24",50.801277,4.317314,50.802607,4.31571
82,1,20.162040877984044,"24",50.802607,4.31571,50.806607,4.314429
82,1,8.517200273888244,"24",50.806607,4.314429,50.810537,4.317971
82,1,13.197626262343519,"24",50.812894,4.322907,50.814001,4.324963
82,1,21.434883345128306,"24",50.814001,4.324963,50.817372,4.325386
82,1,29.972165749048386,"24",50.817372,4.325386,50.820671,4.325908
82,1,16.821879552367363,"24",50.820671,4.325908,50.824878,4.326316
82,1,21.01652322761125,"24",50.824878,4.326316,50.827279,4.327477
82,1,22.636457369464633,"24",50.827279,4.327477,50.830049,4.33064
82,1,11.427302326950262,"24",50.830049,4.33064,50.831677,4.332853
82,1,14.121296178425558,"24",50.831677,4.332853,50.834276,4.336173
82,1,12.282352632423805,"24",50.834276,4.336173,50.836811,4.337407
82,1,11.482125952416418,"24",50.836811,4.337407,50.840381,4.340599
82,1,17.714950522399004,"24",50.845369,4.338892,50.847997,4.33778
82,1,11.559524830937443,"24",50.847997,4.33778,50.849975,4.334359
82,1,19.65083775296122,"24",50.849975,4.334359,50.849532,4.329607
82,1,16.657889648059733,"24",50.849532,4.329607,50.849177,4.32557
82,1,15.5648237196771,"24",50.849177,4.32557,50.848843,4.320969
82,1,16.911281034645558,"24",50.852014,4.316947,50.855826,4.316659
82,1,16.41863747680662,"24",50.855826,4.316659,50.85819,4.316563
82,1,22.87634365473361,"24",50.85819,4.316563,50.859329,4.309795
82,1,16.640147560798873,"24",50.859329,4.309795,50.861042,4.304376
82,1,45.47289476254014,"24",50.861042,4.304376,50.862809,4.299667
82,1,12.547412471226078,"24",50.862809,4.299667,50.864894,4.296868
82,1,16.7602138282765,"24",50.864894,4.296868,50.86767,4.293704
82,1,17.824682534019036,"24",50.86767,4.293704,50.870599,4.291199
82,1,10.946013843691164,"24",50.870599,4.291199,50.872676,4.290261
83,0,6.674184934484257,"24",50.872317,4.28982,50.872448,4.290775
83,0,11.526744703861588,"24",50.884911,4.329588,50.885793,4.332671
83,0,14.205648319934022,"24",50.898988,4.357261,50.895678,4.357282
83,0,16.214542491918035,"24",50.896235,4.372264,50.896604,4.37704
83,0,30.45258493353027,"24",50.89641,4.382687,50.899893,4.385399
83,0,10.884396023856867,"24",50.899893,4.385399,50.899542,4.3852
86,0,20.974085521504925,"24",50.851314,4.300802,50.852396,4.307205
86,0,12.166549760288294,"24",50.852396,4.307205,50.850913,4.307675
86,0,17.15003320235488,"24",50.852036,4.316437,50.848843,4.321694
86,0,11.589554892216597,"24",50.849457,4.330322,50.851957,4.333491
86,0,17.198542306006132,"24",50.859897,4.341482,50.863306,4.349156
86,0,31.624190517267884,"24",50.863306,4.349156,50.865586,4.350999
86,0,18.7887485437489,"24",50.865586,4.350999,50.868313,4.353197
86,0,17.25437974296096,"24",50.870911,4.349332,50.871072,4.344076
86,0,16.343973787904737,"24",50.871072,4.344076,50.874191,4.346915
86,0,11.432100351745081,"24",50.874191,4.346915,50.87572,4.34835
86,0,12.58146730479184,"24",50.87572,4.34835,50.877697,4.347326
86,1,14.116947434160902,"24",50.877697,4.347326,50.873832,4.346305
87,0,17.11144406921581,"24",50.863355,4.330671,50.865494,4.327473
87,0,15.291141127154159,"24",50.872616,4.313103,50.874242,4.310189
87,0,17.69124886906063,"24",50.874242,4.310189,50.876065,4.307245
87,0,14.280093999686658,"24",50.876065,4.307245,50.878248,4.304045
87,0,15.801475264304754,"24",50.878248,4.304045,50.877078,4.300879
87,0,16.775594314836518,"24",50.872806,4.29793,50.873874,4.294405
87,0,17.473275478706203,"24",50.873874,4.294405,50.872161,4.289982
87,0,11.478876940159875,"24",50.872161,4.289982,50.869581,4.291958
87,0,23.30464920477377,"24",50.869995,4.288174,50.866817,4.281688
87,0,28.922746296419305,"24",50.860098,4.288077,50.85609,4.289959
87,0,16.981892780138597,"24",50.85609,4.289959,50.855239,4.295158
87,0,16.823941274135773,"24",50.856709,4.302967,50.855632,4.306249
87,0,12.761757362286463,"24",50.855632,4.306249,50.852396,4.307205
87,0,25.033996491111886,"24",50.852396,4.307205,50.850913,4.307675
87,0,15.748528288045934,"24",50.850913,4.307675,50.851356,4.31168
87,1,20.444557042559467,"24",50.851463,4.311353,50.851039,4.307562
87,1,18.069646915746237,"24",50.851039,4.307562,50.852693,4.307347
87,1,16.707525982174456,"24",50.855659,4.306405,50.856934,4.303506
87,1,15.08209252997879,"24",50.856934,4.303506,50.855484,4.298467
87,1,14.691002825558906,"24",50.855484,4.298467,50.855293,4.294973
87,1,17.852512724379597,"24",50.855293,4.294973,50.856278,4.289902
87,1,26.920703856233622,"24",50.856278,4.289902,50.86025,4.288191
87,1,23.43259770410154,"24",50.866943,4.281332,50.869753,4.288799
87,1,13.308050555816177,"24",50.87042,4.291341,50.872448,4.290775
87,1,14.304631732539933,"24",50.872707,4.298342,50.87563,4.300142
87,1,21.733568904593685,"24",50.87563,4.300142,50.877186,4.301063
87,1,14.287665218247072,"24",50.877186,4.301063,50.878185,4.304287
87,1,22.165991868418033,"24",50.874008,4.310317,50.872429,4.313118
87,1,15.395618761856692,"24",50.872429,4.313118,50.870674,4.311571
87,1,13.716960185449418,"24",50.870674,4.311571,50.869204,4.310398
87,1,13.217149450794096,"24",50.869204,4.310398,50.868276,4.316077
87,1,12.363734935824143,"24",50.868276,4.316077,50.867271,4.32007
87,1,11.68930106121595,"24",50.865071,4.32834,50.86296,4.330756
88,0,20.841988790285644,"24",50.853292,4.355389,50.855126,4.357632
88,0,18.20920591914072,"24",50.855126,4.357632,50.860826,4.358739
88,0,13.713143059057835,"24",50.860826,4.358739,50.861527,4.355557
88,0,12.025099989704037,"24",50.863315,4.354037,50.865586,4.350999
88,0,13.963867341635709,"24",50.870911,4.349332,50.871072,4.344076
88,0,15.756712396643026,"24",50.871072,4.344076,50.874191,4.346915
88,0,23.48159144893108,"24",50.874191,4.346915,50.87572,4.34835
88,0,12.173467153492046,"24",50.87572,4.34835,50.877652,4.347042
88,0,18.263978930598533,"24",50.877652,4.347042,50.876959,4.342083
88,0,18.169681922786765,"24",50.876959,4.342083,50.878802,4.342708
88,0,19.51559593916144,"24",50.880128,4.330471,50.882386,4.331153
88,0,15.617368421052623,"24",50.882386,4.331153,50.884726,4.330214
88,0,20.261999811952318,"24",50.884726,4.330214,50.888569,4.327578
88,0,19.182397396799935,"24",50.888569,4.327578,50.889412,4.322303
88,0,21.11343365253075,"24",50.889412,4.322303,50.889877,4.315769
88,0,18.357379319025743,"24",50.889877,4.315769,50.892851,4.312731
88,1,18.94429484475878,"24",50.885712,4.308952,50.886729,4.311452
88,1,23.96702423180478,"24",50.889696,4.309404,50.892622,4.314011
88,1,17.02269285038999,"24",50.892622,4.314011,50.889678,4.316768
88,1,14.620376038478357,"24",50.882853,4.330882,50.880228,4.330089
88,1,15.834520710899662,"24",50.880228,4.330089,50.879312,4.333755
88,1,24.32881938811922,"24",50.879312,4.333755,50.882396,4.335686
88,1,25.861235040689323,"24",50.882577,4.341384,50.878667,4.342494
88,1,13.318299143722243,"24",50.876904,4.342176,50.877635,4.347781
88,1,18.570428354725276,"24",50.87101,4.348892,50.86861,4.353112
88,1,13.232194384358515,"24",50.863306,4.353795,50.861176,4.355358
88,1,15.11575654152439,"24",50.861176,4.355358,50.860385,4.358895
88,1,10.168645736075167,"24",50.855575,4.358297,50.852586,4.353919
89,0,20.90627018065207,"24",50.839247,4.296546,50.842438,4.2962
89,0,19.32354464109979,"24",50.842438,4.2962,50.843475,4.300486
89,0,14.915181106992794,"24",50.847192,4.308958,50.843544,4.313384
89,0,13.356746373712484,"24",50.845922,4.323329,50.849457,4.330322
89,0,18.144449059006654,"24",50.849457,4.330322,50.849969,4.334679
89,0,10.930512206797502,"24",50.852769,4.342168,50.851034,4.345094
89,0,12.31331046342527,"24",50.851034,4.345094,50.849296,4.34871
89,0,11.149838505827839,"24",50.849296,4.34871,50.850478,4.3513
89,1,14.64081375076209,"24",50.846595,4.357038,50.849265,4.356881
89,1,15.743762265208858,"24",50.849265,4.356881,50.850504,4.35389
89,1,8.74145847827462,"24",50.850504,4.35389,50.850496,4.349922
89,1,13.446951451125084,"24",50.850496,4.349922,50.849372,4.347381
89,1,31.31003003466042,"24",50.849372,4.347381,50.851241,4.344952
89,1,12.784366562809804,"24",50.851241,4.344952,50.85302,4.341841
89,1,12.42378868739902,"24",50.85302,4.341841,50.850536,4.338749
89,1,19.312894593268226,"24",50.845805,4.32306,50.842467,4.317256
89,1,22.75147946353728,"24",50.843485,4.313586,50.847579,4.308958
89,1,18.53563603426847,"24",50.847579,4.308958,50.847423,4.303803
89,1,14.833564154786169,"24",50.843753,4.300032,50.843418,4.295787
92,0,42.9274577283029,"24",50.877411,4.379423,50.873051,4.376794
92,0,29.563863837982133,"24",50.858048,4.36817,50.855792,4.367006
92,0,15.571589009907953,"24",50.853365,4.365756,50.850416,4.364237
92,0,15.077111511867114,"24",50.850416,4.364237,50.846991,4.362448
92,0,13.577380703322625,"24",50.841354,4.358146,50.840141,4.356386
92,0,16.971888681435388,"24",50.840141,4.356386,50.837012,4.353406
92,0,11.030183516535354,"24",50.837012,4.353406,50.835673,4.355167
92,0,12.669313111466332,"24",50.835673,4.355167,50.833327,4.357041
92,0,16.517297432506936,"24",50.833327,4.357041,50.829515,4.35585
92,0,14.54338130649711,"24",50.829515,4.35585,50.825784,4.354601
92,0,15.150928553616048,"24",50.825784,4.354601,50.822287,4.353339
92,0,21.031132734341554,"24",50.812915,4.34744,50.809808,4.345455
92,0,21.544223259272997,"24",50.809808,4.345455,50.80664,4.343477
92,0,19.877568781865705,"24",50.80664,4.343477,50.803308,4.341358
92,0,15.061165449974894,"24",50.803308,4.341358,50.800814,4.34091
92,0,29.475363869364298,"24",50.800814,4.34091,50.797959,4.343375
92,0,16.778134233127204,"24",50.797959,4.343375,50.795614,4.348908
92,0,26.300132616684767,"24",50.795614,4.348908,50.794725,4.35244
92,0,28.026840393562537,"24",50.794725,4.35244,50.794671,4.357873
92,0,18.720680828863486,"24",50.794671,4.357873,50.794465,4.36227
92,0,11.98348744655458,"24",50.794465,4.36227,50.793665,4.366567
92,0,18.21147656100078,"24",50.793665,4.366567,50.791094,4.368695
92,0,16.323222476490415,"24",50.791094,4.368695,50.78962,4.373829
92,1,31.76785585858172,"24",50.822503,4.353595,50.826144,4.354828
92,1,16.749899251044855,"24",50.826144,4.354828,50.830045,4.356076
92,1,16.557047273308324,"24",50.830045,4.356076,50.833556,4.357177
92,1,10.854885448001298,"24",50.833556,4.357177,50.835888,4.355039
92,1,10.908727852254634,"24",50.835888,4.355039,50.837219,4.353264
92,1,13.814674071908792,"24",50.837219,4.353264,50.839637,4.355804
92,1,13.84553142216362,"24",50.839637,4.355804,50.841561,4.358516
92,1,11.842295873397337,"24",50.843979,4.360943,50.846685,4.362363
92,1,19.248244219324985,"24",50.850686,4.364435,50.853704,4.365987
92,1,12.942720848860791,"24",50.853704,4.365987,50.856062,4.367219
92,1,8.971086372679203,"24",50.871128,4.376282,50.873141,4.376964
92,1,19.14058201947395,"24",50.873141,4.376964,50.878119,4.380221
93,0,14.503080545147075,"24",50.877545,4.347795,50.877572,4.351034
93,0,22.311553582752076,"24",50.870759,4.361337,50.869168,4.362516
93,0,17.11147487395811,"24",50.835673,4.355167,50.832985,4.357751
93,0,16.552459413674196,"24",50.818926,4.370739,50.815959,4.371874
93,1,14.997717092300991,"24",50.816689,4.371696,50.819834,4.370512
93,1,20.326687275102785,"24",50.819834,4.370512,50.824108,4.366996
93,1,18.237864172269315,"24",50.824108,4.366996,50.827628,4.363358
93,1,15.516850998828225,"24",50.827628,4.363358,50.829416,4.361541
93,1,19.173662289632144,"24",50.829416,4.361541,50.833183,4.357651
93,1,17.90081992884861,"24",50.833183,4.357651,50.835888,4.355039
93,1,16.647451858564473,"24",50.835888,4.355039,50.837219,4.353264
93,1,15.785867069144535,"24",50.837219,4.353264,50.839637,4.355804
93,1,33.167607191307205,"24",50.839637,4.355804,50.841561,4.358516
93,1,9.372863697189839,"24",50.841561,4.358516,50.843979,4.360943
93,1,20.1487103963541,"24",50.846685,4.362363,50.850686,4.364435
93,1,9.796486906910463,"24",50.850686,4.364435,50.853704,4.365987
93,1,15.947532992319175,"24",50.853704,4.365987,50.856062,4.367219
93,1,15.141287050894158,"24",50.856062,4.367219,50.859442,4.36817
93,1,17.916434668745456,"24",50.859442,4.36817,50.8615,4.367559
93,1,13.351170965173651,"24",50.8615,4.367559,50.86497,4.365599
93,1,9.136110540976055,"24",50.86497,4.365599,50.868934,4.362772
93,1,12.67064889568174,"24",50.868934,4.362772,50.871164,4.361237
93,1,14.326791140765938,"24",50.871164,4.361237,50.874022,4.359319
93,1,20.593056556737135,"24",50.874022,4.359319,50.876997,4.354658
93,1,15.75856094991064,"24",50.876997,4.354658,50.877518,4.35031
93,1,5.844350707575642,"24",50.877518,4.35031,50.877554,4.347198
93,1,10.812047573286096,"24",50.877554,4.347198,50.878928,4.342935
93,1,18.187556917441558,"24",50.878928,4.342935,50.879035,4.338118
93,1,17.77823662128902,"24",50.879035,4.338118,50.879241,4.334722
93,1,16.33377922535699,"24",50.879241,4.334722,50.882612,4.335615
93,1,23.540514680429812,"24",50.882612,4.335615,50.886216,4.333964
93,1,21.402716671522683,"24",50.886216,4.333964,50.889219,4.334089
93,1,23.18803155666728,"24",50.889219,4.334089,50.890881,4.330308
93,1,16.218246743856028,"24",50.890881,4.330308,50.893839,4.331926
95,0,19.962680412570112,"24",50.843431,4.354454,50.841731,4.353972
95,0,14.58591972417749,"24",50.841731,4.353972,50.839898,4.355875
95,0,14.592352236664146,"24",50.839898,4.355875,50.841545,4.358548
95,0,13.240141025656996,"24",50.841545,4.358548,50.840303,4.367119
95,0,13.864498660478322,"24",50.838936,4.372733,50.835179,4.372173
95,0,15.823136033240626,"24",50.835179,4.372173,50.83294,4.374842
95,0,21.988247151122323,"24",50.83294,4.374842,50.829929,4.37866
95,0,12.481763852592726,"24",50.829929,4.37866,50.827285,4.381952
95,0,21.11621598879195,"24",50.827285,4.381952,50.824183,4.385896
95,0,20.37228843276334,"24",50.824183,4.385896,50.821675,4.388989
95,0,23.01748396107618,"24",50.821675,4.388989,50.817854,4.392422
95,0,31.182961773209087,"24",50.817854,4.392422,50.815984,4.390604
95,0,14.411176155469647,"24",50.815984,4.390604,50.811687,4.393043
95,0,18.884285486201566,"24",50.811687,4.393043,50.810238,4.397015
95,0,16.010056079532575,"24",50.810238,4.397015,50.809616,4.403442
95,0,16.569649640573104,"24",50.809616,4.403442,50.805201,4.406701
95,0,31.58032006695364,"24",50.805201,4.406701,50.803007,4.409778
95,0,19.25982656143423,"24",50.802583,4.412501,50.802617,4.418772
95,0,16.934255634416008,"24",50.802617,4.418772,50.801357,4.422388
95,0,36.137009862465895,"24",50.801357,4.422388,50.798643,4.419774
95,1,26.751638104838694,"24",50.815966,4.390704,50.81753,4.392634
95,1,19.822156909220215,"24",50.8219,4.388876,50.824345,4.385783
95,1,25.36357244418056,"24",50.824345,4.385783,50.827537,4.381838
95,1,14.146234145246355,"24",50.827537,4.381838,50.829272,4.379696
95,1,21.548681618019135,"24",50.829272,4.379696,50.833192,4.374799
95,1,18.113907167582767,"24",50.833192,4.374799,50.836428,4.370853
95,1,22.768570585769503,"24",50.838181,4.372827,50.839925,4.369258
95,1,12.680222841225609,"24",50.839925,4.369258,50.840537,4.366324
97,0,12.050854921704229,"24",50.835673,4.355167,50.833327,4.357041
97,0,13.768158355495451,"24",50.833327,4.357041,50.829515,4.35585
97,0,15.731041018562392,"24",50.829515,4.35585,50.825784,4.354601
97,0,11.803958724578594,"24",50.825784,4.354601,50.824363,4.350784
97,0,11.70514940246367,"24",50.824363,4.350784,50.824336,4.347222
97,0,12.604232052053154,"24",50.824336,4.347222,50.826574,4.344709
97,0,3.306531577673064,"24",50.826574,4.344709,50.826762,4.343545
97,0,28.85107972605438,"24",50.825332,4.33862,50.824369,4.335499
97,0,8.847804537521819,"24",50.82425,4.329964,50.823683,4.326075
97,0,17.797197531023013,"24",50.823683,4.326075,50.819574,4.32554
97,0,11.184190854870778,"24",50.813623,4.324822,50.812957,4.322694
97,0,32.78801755138396,"24",50.812957,4.322694,50.81194,4.319148
97,0,14.03389553368661,"24",50.81194,4.319148,50.809871,4.317575
97,0,20.027418113002724,"24",50.809871,4.317575,50.806418,4.31406
97,0,21.377899949728842,"24",50.806418,4.31406,50.802167,4.31625
97,0,8.996121478229052,"24",50.798779,4.319374,50.796326,4.321178
97,0,9.777855078322276,"24",50.796326,4.321178,50.796219,4.324185
97,0,21.80479193727599,"24",50.796219,4.324185,50.796823,4.329475
97,0,20.483387022549486,"24",50.796823,4.329475,50.800687,4.337586
97,0,9.932192675049823,"24",50.800687,4.337586,50.800814,4.34091
97,0,44.3791089479597,"24",50.797959,4.343375,50.796526,4.348173
97,1,21.02887467287002,"24",50.800544,4.33711,50.796742,4.32905
97,1,21.667825671864293,"24",50.796742,4.32905,50.796318,4.323759
97,1,9.750293917192032,"24",50.796318,4.323759,50.796775,4.321078
97,1,16.566393831179067,"24",50.796775,4.321078,50.799094,4.319416
97,1,11.007243528083313,"24",50.799094,4.319416,50.801277,4.317314
97,1,10.566305854501845,"24",50.801277,4.317314,50.802607,4.31571
97,1,20.147558661792925,"24",50.802607,4.31571,50.806607,4.314429
97,1,14.989753153965976,"24",50.806607,4.314429,50.810537,4.317971
97,1,14.75730582923048,"24",50.810537,4.317971,50.811553,4.318751
97,1,19.655528563844342,"24",50.811553,4.318751,50.812894,4.322907
97,1,12.89655150724138,"24",50.812894,4.322907,50.814001,4.324963
97,1,21.40067314529505,"24",50.814001,4.324963,50.817372,4.325386
97,1,21.97377602701187,"24",50.817372,4.325386,50.820671,4.325908
97,1,16.9807735255304,"24",50.820671,4.325908,50.824182,4.327395
97,1,13.788385228095578,"24",50.824414,4.33601,50.825314,4.339075
97,1,14.749988020804519,"24",50.825314,4.339075,50.826834,4.344013
97,1,13.335678771477117,"24",50.826834,4.344013,50.824474,4.346856
97,1,15.815089791531168,"24",50.824474,4.346856,50.824156,4.350302
97,1,10.848955845466708,"24",50.824156,4.350302,50.825451,4.354346
97,1,9.992604465381019,"24",50.825451,4.354346,50.826144,4.354828
97,1,8.636054852455718,"24",50.833556,4.357177,50.835888,4.355039
98,0,11.313697763982308,"24",50.80056,4.3373,50.803542,4.341571
98,0,6.016760941696965,"24",50.803542,4.341571,50.803326,4.342649
98,1,7.436538208645542,"24",50.803326,4.342649,50.800674,4.337416
98,1,26.715606252425452,"24",50.794407,4.302507,50.803967,4.302302
98,1,21.773858538292657,"24",50.813408,4.307128,50.816506,4.290393
